date,time,call,band,mode,their_grid,their_grid4,my_grid4,dist_km,dist_mi,loc_method,dupe
20250226,1953,DL6NAC,20m,FT8,JO50,JO50,FN21,6338.973,3938.854,grid4,
20250226,2019,VE2PTB,20m,FT8,FN46,FN46,FN21,641.255,398.457,grid4,
20250226,2021,F4GTB,20m,FT8,JN18,JN18,FN21,5912.145,3673.635,grid4,
20250226,2024,HG8LXL,20m,FT4,KN06,KN06,FN21,7198.536,4472.962,grid4,
20250226,2027,UX5UO,20m,FT4,KO50el,KO50,FN21,7524.276,4675.367,grid6+,
20250226,2028,IN3KTT,20m,FT4,JN56,JN56,FN21,6548.808,4069.239,grid4,
20250226,2037,KE8NQL,20m,FT4,EN91,EN91,FN21,499.580,310.425,grid4,
20250226,2038,ER3ZW,20m,FT4,KN47,KN47,FN21,7619.426,4734.490,grid4,
20250226,2038,KG5ZMQ,20m,FT4,EM32,EM32,FN21,1880.093,1168.235,grid4,
20250226,2040,HB9DVX,20m,FT4,JN36,JN36,FN21,6278.991,3901.583,grid4,
20250226,2042,KB0RN,20m,FT4,EM48,EM48,FN21,1400.859,870.453,grid4,
20250226,2043,G0LIA,20m,FT4,IO70,IO70,FN21,5293.499,3289.227,grid4,
20250226,2044,IU2CGB,20m,FT4,JN54,JN54,FN21,6659.183,4137.823,grid4,
20250226,2046,SQ8W,20m,FT4,KN09,KN09,FN21,7012.241,4357.203,grid4,
20250226,2048,CN8NS,20m,FT4,IM63,IM63,FN21,5910.325,3672.504,grid4,
20250226,2049,YO9HP,20m,FT4,KN35,KN35,FN21,7637.590,4745.777,grid4,
20250226,2051,IZ4EKI,20m,FT4,JN54,JN54,FN21,6659.183,4137.823,grid4,
20250226,2118,CT7AXN,20m,FT4,IM59kj,IM59,FN21,5444.520,3383.067,grid6+,
20250226,2119,DL5AX,20m,FT4,JO52,JO52,FN21,6239.945,3877.321,grid4,
20250226,2121,HB9DVO,20m,FT4,JN47,JN47,FN21,6362.498,3953.472,grid4,
20250226,2122,KC2ZVT,20m,FT4,FN30,FN30,FN21,201.323,125.096,grid4,
20250226,2122,EA5FAY,20m,FT4,IM98,IM98,FN21,6112.018,3797.831,grid4,
20250226,2126,S57TW,20m,FT4,JN75,JN75,FN21,6871.389,4269.682,grid4,
20250226,2129,F5SJC,20m,FT4,JN05,JN05,FN21,5910.896,3672.859,grid4,
20250226,2131,DF6RI,20m,FT4,JN59,JN59,FN21,6390.001,3970.561,grid4,
20250226,2133,HB9FUR,20m,FT4,JN47,JN47,FN21,6362.498,3953.472,grid4,
20250226,2135,M0PBG,20m,FT4,IO93,IO93,FN21,5453.716,3388.781,grid4,
20250226,2136,NI6BB,20m,FT4,DM03,DM03,FN21,3937.887,2446.889,grid4,
20250226,2159,GM1DMC,20m,FT4,IO75,IO75,FN21,5145.773,3197.434,grid4,
20250226,2202,OE9HGV,20m,FT4,JN47,JN47,FN21,6362.498,3953.472,grid4,
20250226,2202,OK1VM,20m,FT4,JO70,JO70,FN21,6588.293,4093.774,grid4,
20250226,2203,W5BCA,20m,FT4,EL29,EL29,FN21,2239.805,1391.750,grid4,
20250226,2204,G1ZOM,20m,FT4,IO83,IO83,FN21,5327.174,3310.151,grid4,
20250226,2207,PA1H,20m,FT4,JO32,JO32,FN21,5993.805,3724.377,grid4,
20250226,2207,YO6OEJ,20m,FT4,KN26,KN26,FN21,7447.342,4627.562,grid4,
20250226,2209,W5HVS,20m,FT4,EM10,EM10,FN21,2316.231,1439.239,grid4,
20250226,2218,M7WLT,20m,FT4,IO91fi,IO91,FN21,5523.931,3432.410,grid6+,
20250226,2221,M0KRB,20m,FT4,IO91,IO91,FN21,5523.931,3432.410,grid4,
20250226,2222,VA3ERW,30m,FT4,EN92,EN92,FN21,507.999,315.656,grid4,
20250226,2224,K3UA,30m,FT4,EN90,EN90,FN21,515.534,320.338,grid4,
20250226,2230,W3WIV,30m,FT4,FN00,FN00,FN21,353.576,219.702,grid4,
20250226,2232,K2TL,30m,FT4,FN20,FN20,FN21,111.195,69.093,grid4,
20250226,2247,EB3JT,20m,FT4,JN01,JN01,FN21,6106.451,3794.372,grid4,
20250228,2020,NN8B,20m,FT4,EN90,EN90,FN21,515.534,320.338,grid4,
20250228,2021,KC9AA,20m,FT4,EN54,EN54,FN21,1184.665,736.116,grid4,
20250228,2023,KF9UG,20m,FT4,EN71,EN71,FN21,832.336,517.189,grid4,
20250228,2023,VE2OCH,20m,FT4,FN35,FN35,FN21,473.087,293.963,grid4,
20250228,2027,EA5FAY,20m,FT4,IM98,IM98,FN21,6112.018,3797.831,grid4,
20250228,2030,K1LJL,20m,FT4,FN34jm,FN34,FN21,371.092,230.586,grid6+,
20250228,2030,KV0F,20m,FT4,EM38,EM38,FN21,1566.021,973.080,grid4,
20250228,2034,VE9ZY,20m,FT4,FN77,FN77,FN21,1034.937,643.080,grid4,
20250228,2037,KB3VAV,20m,FT4,FN21,FN21,FN21,0.000,0.000,grid4,
20250228,2037,W5GFM,20m,FT4,EN45,EN45,FN21,1362.220,846.444,grid4,
20250228,2039,PD3ED,20m,FT4,JO21,JO21,FN21,5911.517,3673.245,grid4,
20250228,2040,PE2USA,20m,FT4,JO22,JO22,FN21,5868.972,3646.809,grid4,
20250228,2043,OM5TX,20m,FT4,JN97,JN97,FN21,7010.654,4356.217,grid4,
20250228,2045,IK4LZH,20m,FT4,JN54,JN54,FN21,6659.183,4137.823,grid4,
20250301,1739,K9ZIE,17m,FT4,EN53,EN53,FN21,1167.603,725.515,grid4,
20250301,1742,IU3MAG,12m,FT4,JN65,JN65,FN21,6738.187,4186.914,grid4,
20250301,1747,W8TAM,20m,FT4,EN75,EN75,FN21,920.129,571.742,grid4,
20250301,1801,K7VF,10m,FT4,EM11,EM11,FN21,2249.547,1397.803,grid4,
20250301,1908,N4NJJ,10m,FT4,DM26,DM26,FN21,3469.568,2155.889,grid4,
20250301,1910,KE7NLT,10m,FT4,DN55,DN55,FN21,2757.029,1713.138,grid4,
20250301,1932,KB1PD,20m,FT4,EM86,EM86,FN21,886.465,550.823,grid4,
20250301,1933,EA5IXH,20m,FT4,IM98,IM98,FN21,6112.018,3797.831,grid4,
20250301,1938,NA1KW,20m,FT8,EM49hq,EM49,FN21,1368.956,850.630,grid6+,
20250301,1939,IZ8VYU,20m,FT8,JN71,JN71,FN21,7111.554,4418.913,grid4,
20250301,1941,NC0N,20m,FT8,EN32,EN32,FN21,1488.752,925.067,grid4,
20250301,1942,IN3BFW,20m,FT8,JN55kx,JN55,FN21,6603.563,4103.262,grid6+,
20250301,1947,OE3UKW,20m,FT8,JN88hj,JN88,FN21,6825.471,4241.149,grid6+,
20250301,1954,E73G,20m,FT8,JN94,JN94,FN21,7195.614,4471.146,grid4,
20250222,1923,ON1JP,20m,FT8,IM99,IM99,FN21,6059.579,3765.247,grid4,
20250301,2115,PC2J,20m,FT8,JO22le,JO22,FN21,5868.972,3646.809,grid6+,
20250301,2118,IN3EJX,20m,FT8,JN56,JN56,FN21,6548.808,4069.239,grid4,
20250301,2121,VA3TPS,20m,FT4,FN04,FN04,FN21,465.818,289.446,grid4,
20250301,2128,EA7HY,40m,FT4,IM76,IM76,FN21,5907.353,3670.658,grid4,
20250303,0320,KE2FDZ,40m,SSB,FN21pc,FN21,FN21,0.000,0.000,grid6+,
20250307,0103,YT3PL,20m,FT4,KN04,KN04,FN21,7325.877,4552.088,grid4,
20250307,0103,WD0ANB,20m,FT4,EN32,EN32,FN21,1488.752,925.067,grid4,
20250307,0106,KA6JAR,20m,FT4,DM13,DM13,FN21,3771.352,2343.409,grid4,
20250307,0107,EF5PS,40m,FT4,IN90,IN90,FN21,6008.223,3733.336,grid4,
20250307,0109,W1UE,40m,FT4,FN41,FN41,FN21,333.091,206.973,grid4,
20250307,0109,N8QE,40m,FT4,EN91,EN91,FN21,499.580,310.425,grid4,
20250307,0111,KO3F,40m,FT4,FM19,FM19,FN21,279.363,173.588,grid4,
20250307,0114,US2YW,40m,FT8,KN28,KN28,FN21,7315.417,4545.588,grid4,
20250307,0115,SP3CUG,40m,FT8,JO82,JO82,FN21,6599.511,4100.745,grid4,
20250307,0116,AA5SH,20m,FT4,EM40,EM40,FN21,1883.246,1170.195,grid4,
20250307,0117,YO3GNF,20m,FT4,KN34,KN34,FN21,7706.512,4788.603,grid4,
20250307,0133,PY7ZC,20m,FT4,HI21,HI21,FN21,6893.953,4283.702,grid4,
20250307,0134,WA7WQF,20m,FT4,CN86,CN86,FN21,3819.436,2373.287,grid4,
20250307,0135,KC4HN,20m,FT4,FN20,FN20,FN21,111.195,69.093,grid4,
20250307,0136,KB8U,20m,FT4,EN71,EN71,FN21,832.336,517.189,grid4,
20250311,2100,KE2FDZ,40m,SSB,FN21pc,FN21,FN21,0.000,0.000,grid6+,
20250317,0129,CO6XE,20m,FT4,FL01,FL01,FN21,2255.306,1401.382,grid4,
20250317,0130,AI4FR,20m,FT4,EL88,EL88,FN21,1616.979,1004.744,grid4,
20250317,0131,KI0E,20m,FT4,DN13,DN13,FN21,3413.734,2121.195,grid4,
20250317,0132,W5GFM,20m,FT4,EN45,EN45,FN21,1362.220,846.444,grid4,
20250317,0133,HA7TM,20m,FT4,JN97,JN97,FN21,7010.654,4356.217,grid4,
20250317,0134,AA6I,20m,FT4,DM06,DM06,FN21,3801.259,2361.992,grid4,
20250317,0134,W6GRE,20m,FT4,EN31,EN31,FN21,1496.321,929.771,grid4,
20250317,0137,N9AAA,40m,FT4,EN52,EN52,FN21,1160.870,721.331,grid4,
20250317,0138,LZ2VQ,40m,FT4,KN23if,KN23,FN21,7649.155,4752.963,grid6+,
20250317,0141,KR1FLE,80m,FT4,EL89,EL89,FN21,1516.505,942.312,grid4,
20250317,0200,DL8TT,40m,FT4,JO30,JO30,FN21,6084.411,3780.676,grid4,
20250317,0201,CT2HEX,40m,FT4,IM58,IM58,FN21,5492.017,3412.580,grid4,
20250317,0202,HG8LXL,40m,FT4,KN06,KN06,FN21,7198.536,4472.962,grid4,
20250317,0204,PD0WAG,40m,FT4,JO21,JO21,FN21,5911.517,3673.245,grid4,
20250317,0212,KF9UG,40m,FT8,EN71,EN71,FN21,832.336,517.189,grid4,
20250317,0213,DK7ZT,40m,FT8,JO40ht,JO40,FN21,6212.320,3860.156,grid6+,
20250317,0214,EB3JT,40m,FT8,JN01,JN01,FN21,6106.451,3794.372,grid4,
20250317,1700,6Y7EI,20m,FT4,FK18,FK18,FN21,2564.529,1593.524,grid4,
20250317,1702,KA7QJN,20m,FT4,DM37,DM37,FN21,3264.078,2028.203,grid4,
20250317,1708,KK7MNC,15m,FT4,CN87,CN87,FN21,3802.576,2362.810,grid4,
20250317,1724,DO9BAU,15m,FT8,JO62,JO62,FN21,6361.142,3952.629,grid4,
20250317,1731,K0GMK,20m,FT8,EN34,EN34,FN21,1498.008,930.819,grid4,
20250317,1732,KE8IGL,20m,FT8,EN82,EN82,FN21,670.092,416.376,grid4,
20250317,1735,K3NF,20m,FT4,FM18jr,FM18,FN21,374.539,232.728,grid6+,
20250317,1738,G3PGA,20m,FT4,IO71,IO71,FN21,5260.610,3268.791,grid4,
20250317,1842,KE8JNN,20m,FT4,EN90,EN90,FN21,515.534,320.338,grid4,
20250317,1844,AM25DOWN,17m,FT4,,,FN21,5833.546,3624.796,dxcc,
20250317,1850,DK8VW,20m,FT4,JO51,JO51,FN21,6288.945,3907.768,grid4,
20250317,1855,GD0TEP,20m,FT4,IO74,IO74,FN21,5171.913,3213.677,grid4,
20250317,1902,AC1SM,20m,FT8,FN54,FN54,FN21,590.816,367.116,grid4,
20250317,1905,M0PAM,20m,FT8,JO01ni,JO01,FN21,5654.166,3513.335,grid6+,
20250317,1908,VE3EB,20m,FT8,FN04,FN04,FN21,465.818,289.446,grid4,
20250317,1920,ON2BCB,20m,FT8,JO21cd,JO21,FN21,5911.517,3673.245,grid6+,
20250317,1922,NF9U,20m,FT8,EM68,EM68,FN21,1074.138,667.438,grid4,
20250317,1932,DF4WC,20m,FT4,JN49,JN49,FN21,6261.352,3890.623,grid4,
20250317,1936,IK4LZH,20m,FT4,JN54,JN54,FN21,6659.183,4137.823,grid4,
20250317,1937,ON4CBK,20m,FT4,JO11,JO11,FN21,5783.379,3593.624,grid4,
20250317,1940,NS9I,20m,FT4,EM85,EM85,FN21,963.425,598.644,grid4,
20250317,1940,N8EGZ,20m,FT4,EN91,EN91,FN21,499.580,310.425,grid4,
20250317,1942,E75CC,20m,FT4,JN83sx,JN83,FN21,7125.075,4427.315,grid6+,
20250317,1943,YT1DL,20m,FT4,KN04,KN04,FN21,7325.877,4552.088,grid4,
20250317,1951,IS0KNG,15m,FT4,JM49oi,JM49,FN21,6804.164,4227.910,grid6+,
20250317,1953,K0MBC,15m,FT4,EM20,EM20,FN21,2167.003,1346.513,grid4,
20250317,1955,F5RRS,15m,FT4,JN36,JN36,FN21,6278.991,3901.583,grid4,
20250317,1956,W6GRE,15m,FT4,EN31,EN31,FN21,1496.321,929.771,grid4,
20250317,2003,F1PGQ,15m,FT4,JN35,JN35,FN21,6330.253,3933.436,grid4,
20250317,2008,N4LDF,12m,FT4,EL95,EL95,FN21,1862.799,1157.489,grid4,
20250317,2013,GU7DAI,20m,FT4,IN89,IN89,FN21,5464.493,3395.478,grid4,
20250317,2016,GW0ARK,20m,FT4,IO81jq,IO81,FN21,5392.727,3350.884,grid6+,
20250317,2016,M0KZT,20m,FT4,IO92,IO92,FN21,5488.073,3410.130,grid4,
20250317,2017,UR5QW,20m,FT4,KN77NU71,KN77,FN21,7962.712,4947.798,grid6+,
20250317,2018,DL1NCH,20m,FT4,JN59sw,JN59,FN21,6390.001,3970.561,grid6+,
20250317,2020,PC4H,20m,FT4,JO22,JO22,FN21,5868.972,3646.809,grid4,
20250317,2053,KD9RPE,20m,SSB,EN52is,EN52,FN21,1160.870,721.331,grid6+,
20250318,2108,KC3KJQ,20m,SSB,FM09HJ37,FM09,FN21,404.708,251.474,grid6+,
20250319,1514,K1BMW,20m,FT8,DM09,DM09,FN21,3686.672,2290.791,grid4,
20250319,1805,F5RMK,17m,FT4,IN98,IN98,FN21,5640.187,3504.649,grid4,
20250319,1806,IZ7DOO,17m,FT4,JN81,JN81,FN21,7249.650,4504.722,grid4,
20250319,1811,W8FDV,20m,FT4,DM43,DM43,FN21,3272.023,2033.140,grid4,
20250319,1816,AC9HP,20m,FT8,EM69,EM69,FN21,1037.799,644.858,grid4,
20250319,1821,S58WW,20m,FT8,JN76,JN76,FN21,6813.168,4233.505,grid4,
20250319,1847,VA6RR,20m,FT8,DO15,DO15,FN21,3395.144,2109.644,grid4,
20250319,1900,ND4X,20m,FT8,EM57,EM57,FN21,1279.078,794.782,grid4,
20250319,1901,KI4NPG,20m,FT8,EM75,EM75,FN21,1095.283,680.577,grid4,
20250319,1907,VE2EEJ/W4,20m,FT8,,,FN21,439.969,273.384,dxcc,
20250319,1909,IK4RVY,20m,FT8,JN64,JN64,FN21,6795.486,4222.518,grid4,
20250319,1911,CO3LY,20m,FT8,EL82,EL82,FN21,2240.751,1392.338,grid4,
20250319,1915,MI0JZZ,20m,FT8,IO65,IO65,FN21,5022.765,3121.001,grid4,
20250319,2030,R9KC/6,20m,FT8,KN84sv,KN84,FN21,8303.280,5159.418,grid6+,
20250319,2045,EA8IK,20m,FT4,IL18,IL18,FN21,5372.977,3338.612,grid4,
20250319,2106,EA5KB,20m,FT4,IM99,IM99,FN21,6059.579,3765.247,grid4,
20250319,2107,CO2AJ,20m,FT4,EL83,EL83,FN21,2135.022,1326.641,grid4,
20250319,2108,9A2CD,20m,FT4,JN75,JN75,FN21,6871.389,4269.682,grid4,
20250319,2109,F4JGI,20m,FT4,IN94,IN94,FN21,5814.262,3612.814,grid4,
20250319,2110,EA3IXE,20m,FT4,JN11,JN11,FN21,6253.795,3885.927,grid4,
20250319,2111,KK3KK,20m,FT4,DM14,DM14,FN21,3723.638,2313.761,grid4,
20250319,2128,KE8ARB,40m,FT8,EN91,EN91,FN21,499.580,310.425,grid4,
20250319,2130,VE3EJP,40m,FT8,FN14,FN14,FN21,371.092,230.586,grid4,
20250319,2133,LZ2ZD,20m,FT8,KN23,KN23,FN21,7649.155,4752.963,grid4,
20250319,2135,CT3IQ,20m,FT8,IM12,IM12,FN21,5149.441,3199.713,grid4,
20250319,2139,WB2TQE,20m,FT8,EL96,EL96,FN21,1756.036,1091.150,grid4,
20250319,2150,G3VMW,20m,FT8,IO93hv,IO93,FN21,5453.716,3388.781,grid6+,
20250319,2156,ES5QA,40m,FT8,KO38,KO38,FN21,6791.591,4220.098,grid4,
20250319,2201,HI3CH,20m,FT4,FK49,FK49,FN21,2475.373,1538.125,grid4,
20250319,2208,6Y7EI,12m,FT4,FK18,FK18,FN21,2564.529,1593.524,grid4,
20250319,2210,PJ7AA,10m,FT4,FK88,FK88,FN21,2799.761,1739.690,grid4,
20250320,2349,EA8CII,20m,FT4,IL18,IL18,FN21,5372.977,3338.612,grid4,
20250320,2351,VE2FVV,20m,FT4,FN59,FN59,FN21,1004.205,623.984,grid4,
20250320,2352,EA8DQE,20m,FT4,IL27gw,IL27,FN21,5598.386,3478.675,grid6+,
20250320,2356,LU1FQ,20m,FT4,FF97,FF97,FN21,8352.443,5189.966,grid4,
20250320,2358,EA5EYO,20m,FT4,IM98,IM98,FN21,6112.018,3797.831,grid4,
20250320,2359,MM0GPZ,20m,FT8,IO75,IO75,FN21,5145.773,3197.434,grid4,
20250321,0005,TA4SSK,20m,FT8,KM57,KM57,FN21,8466.072,5260.571,grid4,
20250321,0007,KI5HZK,20m,FT8,EM12jw,EM12,FN21,2186.330,1358.522,grid6+,
20250321,0008,F4LPS,20m,FT8,JN28,JN28,FN21,6046.441,3757.083,grid4,
20250321,0009,US2YW,20m,FT8,KN28,KN28,FN21,7315.417,4545.588,grid4,
20250321,0010,NI9D,20m,FT8,EM28mx,EM28,FN21,1731.832,1076.110,grid6+,
20250321,0011,DK7ZT,20m,FT8,JO40,JO40,FN21,6212.320,3860.156,grid4,
20250321,0016,LU7DLS,20m,FT8,GF05rm,GF05,FN21,8607.349,5348.357,grid6+,
20250321,0025,KC5KAW,20m,FT8,EL29,EL29,FN21,2239.805,1391.750,grid4,
20250321,0027,K4JAF,20m,FT8,EM74,EM74,FN21,1170.547,727.344,grid4,
20250321,0028,VE4ZIM,20m,FT8,EN29IQ03,EN29,FN21,1786.675,1110.188,grid6+,
20250321,0052,W3EWL,40m,FT8,FM19,FM19,FN21,279.363,173.588,grid4,
20250321,0055,KN4RAA,40m,FT8,FM04,FM04,FN21,853.372,530.260,grid4,
20250321,0101,F1PBZ,40m,FT8,JN26pv,JN26,FN21,6142.165,3816.563,grid6+,
20250321,0103,OE5TXF,40m,FT8,JN78,JN78,FN21,6699.079,4162.614,grid4,
20250321,2040,DG4FFF,20m,FT4,JO40,JO40,FN21,6212.320,3860.156,grid4,
20250321,2041,HA1BL,20m,FT4,JN87,JN87,FN21,6883.947,4277.485,grid4,
20250321,2050,G8KHF,20m,FT8,IO92,IO92,FN21,5488.073,3410.130,grid4,
20250321,2115,ER4KAA,20m,FT8,KN38,KN38,FN21,7433.710,4619.092,grid4,
20250404,2104,F1PBZ,20m,FT4,JN26pv,JN26,FN21,6142.165,3816.563,grid6+,
20250404,2205,N9JF,20m,FT4,EM49,EM49,FN21,1368.956,850.630,grid4,
20250404,2207,KX5N,20m,FT4,EM45ak,EM45,FN21,1540.689,957.339,grid6+,
20250407,1925,KC4KES,10m,FT8,EM10,EM10,FN21,2316.231,1439.239,grid4,
20250407,2002,CO8LY,15m,FT4,FL20,FL20,FN21,2335.093,1450.959,grid4,
20250407,2004,KE7NLT,15m,FT4,DN55,DN55,FN21,2757.029,1713.138,grid4,
20250407,2005,WS4A,15m,FT4,EL87,EL87,FN21,1718.746,1067.979,grid4,
20250407,2006,N0OTS,15m,FT4,EM27,EM27,FN21,1768.257,1098.744,grid4,
20250407,2041,EI8GP,20m,FT4,IO64,IO64,FN21,5046.277,3135.610,grid4,
20250407,2042,EA1ZT,20m,FT4,IN71ol,IN71,FN21,5657.847,3515.622,grid6+,
20250407,2044,W4MAA,20m,FT4,EM74xc,EM74,FN21,1170.547,727.344,grid6+,
20250407,2044,KY4HAM,20m,FT4,EM78,EM78,FN21,914.094,567.992,grid4,
20250407,2045,IZ0MIT,20m,FT4,JN61,JN61,FN21,6971.978,4332.185,grid4,
20250407,2048,9A4BL,20m,FT4,JN75,JN75,FN21,6871.389,4269.682,grid4,
20250407,2130,KP4ZZ,20m,FT4,FK68,FK68,FN21,2667.938,1657.779,grid4,
20250407,2212,KF9JF,20m,FT4,EL98,EL98,FN21,1544.338,959.607,grid4,
20250407,2213,W2GLH,20m,FT4,FM29,FM29,FN21,222.390,138.187,grid4,
20250407,2214,K4TFT,20m,FT4,EM70,EM70,FN21,1515.978,941.985,grid4,
20250407,2221,W3EWL,40m,FT8,FM19,FM19,FN21,279.363,173.588,grid4,
20250407,2223,EA7L,20m,FT4,IM86,IM86,FN21,6064.167,3768.097,grid4,
20250407,2225,CS8ABF,20m,FT4,HM77,HM77,FN21,4253.244,2642.842,grid4,
20250407,2227,AD0YO,20m,FT4,DM79,DM79,FN21,2533.566,1574.284,grid4,
20250411,1950,N7RI,15m,FT8,DN71,DN71,FN21,2485.696,1544.540,grid4,
20250411,1955,W4UTZ,20m,FT8,EM95,EM95,FN21,846.710,526.121,grid4,
20250413,0200,K2FZZ,20m,SSB,FN21pc,FN21,FN21,0.000,0.000,grid6+,
20250414,1715,KC3OL,15m,FT8,EM28,EM28,FN21,1731.832,1076.110,grid4,
20250414,1724,N4DWD,20m,FT8,EM86,EM86,FN21,886.465,550.823,grid4,
20250414,1732,ND8G,20m,FT8,EN51VS11,EN51,FN21,1164.644,723.676,grid6+,
20250414,1734,KO4BPM,20m,FT8,FM05,FM05,FN21,752.290,467.451,grid4,
20250414,1738,KA9FOX,20m,FT8,EN43,EN43,FN21,1328.266,825.346,grid4,
20250414,1740,W9BRT,20m,FT8,EM79,EM79,FN21,873.719,542.904,grid4,
20250414,1747,W8MRR,20m,FT8,EN62,EN62,FN21,996.971,619.489,grid4,
20250414,1750,WC9C,20m,FT8,EN52,EN52,FN21,1160.870,721.331,grid4,
20250414,1908,DO9BAU,15m,FT4,JO62,JO62,FN21,6361.142,3952.629,grid4,
20250414,1911,F8MRQ,15m,FT4,JN17CT44,JN17,FN21,5957.542,3701.844,grid6+,
20250414,1912,IK4LZH,15m,FT4,JN54,JN54,FN21,6659.183,4137.823,grid4,
20250414,1914,WS4A,15m,FT4,EL87,EL87,FN21,1718.746,1067.979,grid4,
20250414,1915,V31MA,15m,FT4,EK57,EK57,FN21,2983.666,1853.963,grid4,
20250414,1917,IK4LZH,17m,FT4,JN54,JN54,FN21,6659.183,4137.823,grid4,
20250414,1919,KY4F,20m,FT4,EL98,EL98,FN21,1544.338,959.607,grid4,
20250414,1935,S54E,20m,FT4,JN66,JN66,FN21,6681.697,4151.812,grid4,
20250414,1946,SP7AM,20m,FT4,KO00,KO00,FN21,6951.489,4319.454,grid4,
20250414,1948,N9AAA,20m,FT4,EN52,EN52,FN21,1160.870,721.331,grid4,
20250414,2150,M6JAY,20m,FT8,IO90,IO90,FN21,5561.256,3455.603,grid4,
20250414,2151,KD9SZQ,20m,FT8,EN54JT,EN54,FN21,1184.665,736.116,grid6+,
20250414,2018,W8TAM,20m,FT4,EN53,EN53,FN21,1167.603,725.515,grid4,
20250414,2128,K5CD,15m,FT8,EM10,EM10,FN21,2316.231,1439.239,grid4,
20250414,2132,W0OVX,15m,FT8,DN98,DN98,FN21,2174.422,1351.123,grid4,
20250416,1633,AA9UF,20m,PSK31,EN50ri,EN50,FN21,1178.824,732.487,grid6+,
20250418,1645,KE2ET,20m,FT8,EM75,EM75,FN21,1095.283,680.577,grid4,
20250418,1648,W4EBB,20m,FT8,EL88,EL88,FN21,1616.979,1004.744,grid4,
20250418,1658,EA4TX,15m,FT8,IN80,IN80,FN21,5857.271,3639.538,grid4,
20250418,1708,EA1DR,17m,FT8,IN82,IN82,FN21,5760.816,3579.604,grid4,
20250418,1722,WB4KKV,20m,FT8,EM64AT,EM64,FN21,1306.145,811.601,grid6+,
20250418,2326,HA3LI,20m,FT8,JN96,JN96,FN21,7071.644,4394.115,grid4,
20250418,2344,OK1VM,20m,FT4,JO70,JO70,FN21,6588.293,4093.774,grid4,
20250418,2345,KQ4PLL,20m,FT4,EM63UM,EM63,FN21,1380.359,857.715,grid6+,
20250418,2346,OD5ZZ,20m,FT4,KM74,KM74,FN21,8956.630,5565.390,grid4,
20250418,2351,KB2M/P,20m,FT8,EL99,EL99,FN21,1439.671,894.570,grid4,
20250419,0000,KD4KKF,20m,FT8,EM63CW,EM63,FN21,1380.359,857.715,grid6+,
20250419,0007,CX9AU,20m,FT8,GF15,GF15,FN21,8648.439,5373.889,grid4,
20250419,0009,PY2FZ,20m,FT8,GG57,GG57,FN21,7604.242,4725.055,grid4,
20250419,0015,W0OVX,20m,FT8,DN98,DN98,FN21,2174.422,1351.123,grid4,
20250419,0016,K6SKI,20m,FT8,DM79,DM79,FN21,2533.566,1574.284,grid4,
20250419,0018,K7CAR,20m,FT8,DM37,DM37,FN21,3264.078,2028.203,grid4,
20250419,0019,K1MCO,20m,FT8,EL98HI,EL98,FN21,1544.338,959.607,grid6+,
20250419,0029,K5RMD,20m,FT8,EM50,EM50,FN21,1751.247,1088.174,grid4,
20250419,0031,NT4K,20m,FT8,EL98,EL98,FN21,1544.338,959.607,grid4,
20250419,0034,KB1EFS/2,20m,FT8,,,FN21,321.807,199.962,hamdat,
20250419,0039,KB6C,20m,FT8,DM04,DM04,FN21,3890.033,2417.154,grid4,
20250419,0045,K3KEK,20m,FT8,EM10,EM10,FN21,2316.231,1439.239,grid4,
20250419,0056,WW5G,20m,FT8,EM31SK,EM31,FN21,1949.383,1211.290,grid6+,
20250419,0102,KG5POL,20m,FT8,EM32CJ,EM32,FN21,1880.093,1168.235,grid6+,
20250419,0107,KG6PH,20m,FT8,EM13OC,EM13,FN21,2126.891,1321.589,grid6+,
20250419,0117,W5FZ,20m,FT8,EL29,EL29,FN21,2239.805,1391.750,grid4,
20250419,0121,AE6CH,20m,FT8,DM24qu,DM24,FN21,3557.123,2210.293,grid6+,
20250419,0123,NW5X,20m,FT8,EM13pb,EM13,FN21,2126.891,1321.589,grid6+,
20250419,0124,EA1IOK,20m,FT8,IN62,IN62,FN21,5461.592,3393.675,grid4,
20250419,0125,K7CTV,20m,FT8,DM42NL,DM42,FN21,3322.750,2064.661,grid6+,
20250419,0134,KG5DJB,20m,FT8,EM12,EM12,FN21,2186.330,1358.522,grid4,
20250419,0137,AG5PC,20m,FT8,EM12,EM12,FN21,2186.330,1358.522,grid4,
20250419,0138,AD6WL,20m,FT8,DM14,DM14,FN21,3723.638,2313.761,grid4,
20250419,0146,KD9VYN,40m,FT8,EN52WB,EN52,FN21,1160.870,721.331,grid6+,
20250421,1726,KQ4QAI,20m,FT8,EM84AA,EM84,FN21,1046.514,650.274,grid6+,
20250421,1727,AC4OW,20m,FT8,EM73KQ,EM73,FN21,1251.120,777.410,grid6+,
20250421,1730,V31DL,20m,FT8,EK57,EK57,FN21,2983.666,1853.963,grid4,
20250421,1738,WA4NVM,20m,FT8,EM55CE,EM55,FN21,1386.574,861.577,grid6+,
20250421,1741,ND9M,20m,FT8,EM70,EM70,FN21,1515.978,941.985,grid4,
20250421,1744,KC8MLB,20m,FT8,EL98,EL98,FN21,1544.338,959.607,grid4,
20250421,1752,K8JK,20m,FT8,EL88rr,EL88,FN21,1616.979,1004.744,grid6+,
20250421,1754,K8SSN,20m,FT8,EL98PG,EL98,FN21,1544.338,959.607,grid6+,
20250421,1802,W5LST,20m,FT8,EM33,EM33,FN21,1814.849,1127.695,grid4,
20250421,2019,EA1A,20m,FT8,IN73,IN73,FN21,5566.893,3459.106,grid4,
20250421,2026,ON3EA,20m,FT8,JO21,JO21,FN21,5911.517,3673.245,grid4,
20250421,2032,M0ILT,20m,FT8,IO80,IO80,FN21,5427.850,3372.708,grid4,
20250421,2036,NC7I,20m,FT8,DN30,DN30,FN21,3165.041,1966.665,grid4,
20250421,2042,KO4PVI,20m,FT8,EM67,EM67,FN21,1120.287,696.114,grid4,
20250421,2046,WA4CB,20m,FT8,EM54DV,EM54,FN21,1450.013,900.996,grid6+,
20250421,2053,K4TMR,20m,FT8,EM62TM,EM62,FN21,1459.209,906.710,grid6+,
20250421,2107,KC9YTT,20m,FT8,EN40,EN40,FN21,1345.380,835.980,grid4,
20250423,1704,VE1ZZ,20m,FT8,FN84,FN84,FN21,1030.146,640.103,grid4,
20250423,1716,N5IF,20m,FT8,EM11IG,EM11,FN21,2249.547,1397.803,grid6+,
20250423,1718,W7HAD,20m,FT8,DN71QE,DN71,FN21,2485.696,1544.540,grid6+,
20250423,1720,W0HT,20m,FT8,EN34LX,EN34,FN21,1498.008,930.819,grid6+,
20250423,1725,WA2SCB,20m,FT8,EL88,EL88,FN21,1616.979,1004.744,grid4,
20250423,1730,VP2VI,20m,FT8,FK78,FK78,FN21,2728.064,1695.140,grid4,
20250423,1735,AJ5S,20m,FT8,EM42UI,EM42,FN21,1733.308,1077.028,grid6+,
20250423,1739,N4NR,20m,FT8,EL95,EL95,FN21,1862.799,1157.489,grid4,
20250423,1741,K4QAL,20m,FT8,EM50CF,EM50,FN21,1751.247,1088.174,grid6+,
20250423,1750,VA5KEN,20m,FT8,DO70,DO70,FN21,2502.151,1554.764,grid4,
20250423,1755,K5WTH,20m,FT8,EM12RW,EM12,FN21,2186.330,1358.522,grid6+,
20250423,1758,RZ1OA,20m,FT8,LP04,LP04,FN21,6985.709,4340.717,grid4,
20250423,1834,AD8HD,20m,FT8,EN62SB,EN62,FN21,996.971,619.489,grid6+,
20250423,2057,F4DUZ,20m,FT8,JN19,JN19,FN21,5867.964,3646.183,grid4,
20250423,2059,YL3CW,20m,FT8,KO36,KO36,FN21,6914.761,4296.632,grid4,
20250423,2104,MM0JTV,20m,FT8,IO75,IO75,FN21,5145.773,3197.434,grid4,
20250423,2107,9K2ES,20m,FT8,LL39,LL39,FN21,10129.507,6294.182,grid4,
20250423,2114,KD9PFL,20m,FT8,EN53XB,EN53,FN21,1167.603,725.515,grid6+,
20250423,2117,YO4NF,20m,FT8,KN44hd,KN44,FN21,7829.800,4865.211,grid6+,
20250423,2118,IW0GYC,20m,FT8,JN61gu,JN61,FN21,6971.978,4332.185,grid6+,
20250423,2118,KX9DX,20m,FT8,EN70,EN70,FN21,846.044,525.707,grid4,
20250423,2121,IT9KBT/P,20m,FT8,JN61,JN61,FN21,6971.978,4332.185,grid4,
20250423,2126,OE4KSF,20m,FT8,JN87,JN87,FN21,6883.947,4277.485,grid4,
20250423,2131,SV2FNT,20m,FT8,KN00,KN00,FN21,7587.340,4714.553,grid4,
20250423,2136,TA1GRH,20m,FT8,KN41,KN41,FN21,8043.874,4998.230,grid4,
20250423,2155,4L4DX,20m,FT8,LN21,LN21,FN21,8992.831,5587.884,grid4,
20250423,2216,D2UY,20m,FT8,JI64,JI64,FN21,10246.458,6366.852,grid4,
20250423,2220,EA6ANX,20m,FT8,JM19,JM19,FN21,6360.920,3952.491,grid4,
20250423,2258,CE4WT,20m,FT8,FF33,FF33,FN21,8675.593,5390.762,grid4,
20250424,0001,HP1DAV,20m,FT8,FJ09,FJ09,FN21,3579.813,2224.392,grid4,
20250424,0006,RW9ULK,20m,FT8,NO34,NO34,FN21,9203.846,5719.003,grid4,
20250426,2345,K2FZZ,20m,SSB,FN21pc,FN21,FN21,0.000,0.000,grid6+,
20250511,2003,W7MD,20m,FT8,DM41,DM41,FN21,3376.115,2097.820,grid4,
20250511,2024,KB9DED,20m,FT8,EN54ew,EN54,FN21,1184.665,736.116,grid6+,
20250520,1933,K2FZZ,20m,SSB,FN21pc,FN21,FN21,0.000,0.000,grid6+,
20250525,2059,KA5HET,20m,FT8,EM25,EM25,FN21,1858.556,1154.853,grid4,
20250525,2106,N5YV,20m,FT8,EM12,EM12,FN21,2186.330,1358.522,grid4,
20250526,1741,KO4EFS,20m,FT4,EL96,EL96,FN21,1756.036,1091.150,grid4,
20250526,1804,NP3DM,20m,FT8,FK68,FK68,FN21,2667.938,1657.779,grid4,
20250526,1808,AJ4ZS,20m,FT8,EN52,EN52,FN21,1160.870,721.331,grid4,
20250526,1952,KO4WIY,20m,FT8,EM86,EM86,FN21,886.465,550.823,grid4,
20250526,1955,KD2WWU,20m,FT8,EL88,EL88,FN21,1616.979,1004.744,grid4,
20250527,0036,S52D,20m,FT8,JN76,JN76,FN21,6813.168,4233.505,grid4,
20250527,0049,IZ8PPI,20m,FT8,JM89ae,JM89,FN21,7376.665,4583.646,grid6+,
20250527,0033,R7AL,20m,FT8,KN84,KN84,FN21,8303.280,5159.418,grid4,
20250527,0046,DL9UXF,20m,FT8,JO30nl,JO30,FN21,6084.411,3780.676,grid6+,
20250527,0048,WC9C,20m,FT8,EN52,EN52,FN21,1160.870,721.331,grid4,
20250527,0052,IZ8EYN,20m,FT8,JM89AH44,JM89,FN21,7376.665,4583.646,grid6+,
20250527,0053,PY5BH,20m,FT8,GG54,GG54,FN21,7916.738,4919.232,grid4,
20250527,0055,KC9NRB,20m,FT8,EM58DD,EM58,FN21,1236.709,768.455,grid6+,
20250527,0055,KC9IVQ,20m,FT8,EN62,EN62,FN21,996.971,619.489,grid4,
20250527,0059,VE7KAJ,20m,FT4,CN88,CN88,FN21,3788.516,2354.074,grid4,
20250527,0100,KY4BP,20m,FT4,EM87,EM87,FN21,817.368,507.889,grid4,
20250527,0101,N2NUT,20m,FT4,EM64,EM64,FN21,1306.145,811.601,grid4,
20250527,0102,KA9JLF,20m,FT4,EM68,EM68,FN21,1074.138,667.438,grid4,
20250527,0102,F6FDY,20m,FT4,JN33,JN33,FN21,6435.719,3998.969,grid4,
20250527,0104,WD4LRC,20m,FT4,EL95,EL95,FN21,1862.799,1157.489,grid4,
20250527,0105,UA3PAB,20m,FT4,KO84,KO84,FN21,7548.067,4690.150,grid4,
20250527,0109,KK5ZV,20m,FT4,EL29,EL29,FN21,2239.805,1391.750,grid4,
20250527,0109,YO2LEA,20m,FT4,KN06,KN06,FN21,7198.536,4472.962,grid4,
20250527,0110,N4HCN,20m,FT4,EL99HV,EL99,FN21,1439.671,894.570,grid6+,
20250527,0112,RQ4F,20m,FT4,LO13tm,LO13,FN21,7908.743,4914.264,grid6+,
20250527,0115,AJ7CP,20m,FT4,DM42KJ,DM42,FN21,3322.750,2064.661,grid6+,
20250527,0117,K9SUR,20m,FT4,EM66PA,EM66,FN21,1175.092,730.168,grid6+,
20250527,0117,WA4NFO,20m,FT4,EM75ka,EM75,FN21,1095.283,680.577,grid6+,
20250527,0119,W0NFS,20m,FT4,EM48QO,EM48,FN21,1400.859,870.453,grid6+,
20250527,0120,K9ELF,20m,FT4,EN60,EN60,FN21,1012.328,629.031,grid4,
20250527,0121,WA3RIJ,20m,FT4,FM19,FM19,FN21,279.363,173.588,grid4,
20250527,0123,PY3IP,20m,FT4,GG40,GG40,FN21,8270.969,5139.340,grid4,
20250527,0127,KD4CVB,20m,FT4,EM83HX,EM83,FN21,1134.388,704.876,grid6+,
20250527,0127,GB8URC,20m,FT4,IO75,IO75,FN21,5145.773,3197.434,grid4,
20250527,0129,HI6M,20m,FT4,FK49,FK49,FN21,2475.373,1538.125,grid4,
20250527,0130,W6JCH,20m,FT4,DM13,DM13,FN21,3771.352,2343.409,grid4,
20250527,0135,KC1UYZ,80m,FT8,FN31XR,FN31,FN21,166.556,103.493,grid6+,
20250527,0137,KM0T,80m,FT8,EN13vb,EN13,FN21,1811.876,1125.847,grid6+,
20250527,0138,K4JH,80m,FT8,FM05pq,FM05,FN21,752.290,467.451,grid6+,
20250527,0144,W5MVD,40m,FT8,EM10ET,EM10,FN21,2316.231,1439.239,grid6+,
20250527,0145,DD0AM,40m,FT8,JO41,JO41,FN21,6164.354,3830.351,grid4,
20250527,0147,VA3LDE,40m,FT8,FN03,FN03,FN21,396.149,246.156,grid4,
20250527,0150,F4JRC,40m,FT8,JN23,JN23,FN21,6293.822,3910.798,grid4,
20250527,0155,SV2DGH,30m,FT8,KN10,KN10,FN21,7722.133,4798.310,grid4,
20250527,0200,HA1SU,30m,FT8,JN87,JN87,FN21,6883.947,4277.485,grid4,
20250527,0202,HK4GSO,30m,FT8,FJ26,FJ26,FN21,3891.822,2418.266,grid4,
20250527,0207,KJ5W,20m,FT4,EM22,EM22,FN21,2031.437,1262.276,grid4,
20250527,0209,WJ4K,20m,FT4,EM73BR,EM73,FN21,1251.120,777.410,grid6+,
20250527,0210,EA3JW,20m,FT4,JN11,JN11,FN21,6253.795,3885.927,grid4,
20250527,0214,AA4CB,20m,FT4,EL88UI,EL88,FN21,1616.979,1004.744,grid6+,
20250527,0216,KD5TKR,20m,FT4,EM01AS,EM01,FN21,2404.884,1494.325,grid6+,
20250527,0216,YO2MD,20m,FT4,KN06,KN06,FN21,7198.536,4472.962,grid4,
20250527,0218,KR0B,20m,FT4,EN36VT,EN36,FN21,1539.084,956.342,grid6+,
20250527,0218,N0JPE,20m,FT4,EN13,EN13,FN21,1811.876,1125.847,grid4,
20250527,0219,R7DX,20m,FT4,KN84,KN84,FN21,8303.280,5159.418,grid4,
20250527,0221,SQ1DOZ,20m,FT4,JO73,JO73,FN21,6428.758,3994.644,grid4,
20250527,0225,E75C,30m,FT8,JN93,JN93,FN21,7258.549,4510.252,grid4,
20250530,2342,W5XO,15m,FT8,EM10,EM10,FN21,2316.231,1439.239,grid4,
20250531,0001,HI3QMT,17m,FT8,FK49,FK49,FN21,2475.373,1538.125,grid4,
20250531,0003,NE7O,17m,FT8,CN85RQ,CN85,FN21,3839.059,2385.480,grid6+,
20250531,0006,K0WWX,17m,FT8,DM79LW,DM79,FN21,2533.566,1574.284,grid6+,
20250531,0014,A71AT,20m,FT8,LL55,LL55,FN21,10723.079,6663.011,grid4,
20250531,0020,E70A,40m,FT8,JN94,JN94,FN21,7195.614,4471.146,grid4,
20250531,0022,MI0NWA,40m,FT8,IO64,IO64,FN21,5046.277,3135.610,grid4,
20250608,0124,K2FZZ,20m,SSB,FN21pc,FN21,FN21,0.000,0.000,grid6+,
20250620,1541,KC9LFD,20m,FT8,EN53XC,EN53,FN21,1167.603,725.515,grid6+,
20250620,1542,KC8ZKS,20m,FT8,EM75,EM75,FN21,1095.283,680.577,grid4,
20250620,1546,AD9GE,20m,FT8,EM69MA,EM69,FN21,1037.799,644.858,grid6+,
20250620,1633,KD4DRJ,20m,FT8,EM94NC,EM94,FN21,938.712,583.288,grid6+,
20250620,1639,KR0P,20m,FT8,EN10,EN10,FN21,1844.596,1146.179,grid4,
20250620,1647,W8RJC,20m,FT8,EN72,EN72,FN21,833.285,517.779,grid4,
20250620,1651,N6RAM,20m,FT8,EL29GN,EL29,FN21,2239.805,1391.750,grid6+,
20250620,1654,K4ACJ,20m,FT8,EM95,EM95,FN21,846.710,526.121,grid4,
20250620,1703,KS4OT,20m,FT8,EM83,EM83,FN21,1134.388,704.876,grid4,
20250620,1706,KI4TAS,20m,FT8,EM75DL,EM75,FN21,1095.283,680.577,grid6+,
20250620,1711,W9XC,20m,FT8,EN52TG,EN52,FN21,1160.870,721.331,grid6+,
20250620,1717,AF5DN,20m,FT8,EM12IV,EM12,FN21,2186.330,1358.522,grid6+,
20250620,1718,KD4BWM,20m,FT8,EM71,EM71,FN21,1424.537,885.166,grid4,
20250620,1720,W6AER,20m,FT8,CM87SP,CM87,FN21,4089.478,2541.083,grid6+,
20250620,1721,WH6S,20m,FT8,BL01,BL01,FN21,7961.276,4946.906,grid4,
20250620,1919,VE6KDX,20m,FT4,DO34,DO34,FN21,3123.973,1941.146,grid4,
20250620,1920,KE0SAM,20m,FT4,EN61,EN61,FN21,998.557,620.474,grid4,
20250620,1925,K4SHW,20m,FT8,EM73ov,EM73,FN21,1251.120,777.410,grid6+,
20250620,1925,W8TMB,20m,FT8,EN74QH,EN74,FN21,878.232,545.708,grid6+,
20250620,1929,KO4YIN,20m,FT8,DM57,DM57,FN21,2931.693,1821.669,grid4,
20250620,1931,KO4PDI,20m,FT8,EL99JN,EL99,FN21,1439.671,894.570,grid6+,
20250628,2014,KE5VT,20m,FT8,EM94,EM94,FN21,938.712,583.288,grid4,
20250628,2022,KC8YOM,20m,FT8,EM79,EM79,FN21,873.719,542.904,grid4,
20250628,2035,WB8UBR,20m,FT8,EM79,EM79,FN21,873.719,542.904,grid4,
20250628,2037,NM4O,20m,FT8,FM04,FM04,FN21,853.372,530.260,grid4,
20250628,2215,W8ZLW,20m,FT8,EL98,EL98,FN21,1544.338,959.607,grid4,
20250628,2222,K0OTC,20m,FT8,EN26,EN26,FN21,1688.050,1048.905,grid4,
20250628,2240,W5NX,20m,FT8,EM26,EM26,FN21,1810.634,1125.076,grid4,
20250629,1412,W8NL,20m,FT8,EN80,EN80,FN21,680.246,422.685,grid4,
20250629,1415,N7UVH,20m,FT8,DN17,DN17,FN21,3354.518,2084.400,grid4,
20250629,1416,W9DHI,20m,FT8,EN63,EN63,FN21,1007.627,626.110,grid4,
20250629,1418,W8HN,20m,FT8,EN91,EN91,FN21,499.580,310.425,grid4,
20250629,1420,K6SEA,20m,FT8,CN73ve,CN73,FN21,4042.843,2512.106,grid6+,
20250629,1423,N9GMT,20m,FT8,EN52XX02,EN52,FN21,1160.870,721.331,grid6+,
20250629,1429,K6M,20m,FT4,CM87,CM87,FN21,4089.478,2541.083,grid4,
20250629,1429,W8MAI,20m,FT4,EN62,EN62,FN21,996.971,619.489,grid4,
20250629,1430,K5FD,20m,FT4,DM80ei,DM80,FN21,2783.144,1729.365,grid6+,
20250629,1642,W2LV,6m,FT8,FN21,FN21,FN21,0.000,0.000,grid4,
20250630,0012,S55X,20m,FT4,JN76,JN76,FN21,6813.168,4233.505,grid4,
20250630,0013,YO9BPX,20m,FT4,KN24,KN24,FN21,7581.387,4710.854,grid4,
20250630,0014,W4I,20m,FT4,FK68,FK68,FN21,2667.938,1657.779,grid4,
20250630,0016,KQ4SKS,40m,FT8,EM93,EM93,FN21,1034.466,642.787,grid4,
20250630,0022,PY2ATI,17m,FT8,GG58,GG58,FN21,7500.260,4660.444,grid4,
20250630,0024,HI8WWA,20m,FT4,FK58,FK58,FN21,2620.199,1628.115,grid4,
20250630,0026,LZ4UA,30m,FT8,KN22,KN22,FN21,7717.394,4795.365,grid4,
20250630,0028,N8JSN,30m,FT8,EN72DV,EN72,FN21,833.285,517.779,grid6+,
20250630,0247,K2FZZ,40m,SSB,FN21pc,FN21,FN21,0.000,0.000,grid6+,
20250708,0210,DD5GG,40m,FT8,JN39,JN39,FN21,6131.428,3809.892,grid4,
20250708,0215,KF9UG,40m,FT8,EN71LH,EN71,FN21,832.336,517.189,grid6+,
20250708,0218,K8EIJ,40m,FT8,EM89,EM89,FN21,711.722,442.243,grid4,
20250708,0220,KA4ACE,40m,FT8,EM92QJ,EM92,FN21,1133.021,704.027,grid6+,
20250710,2012,N9NTC,20m,FT8,EN52IX,EN52,FN21,1160.870,721.331,grid6+,
20250711,0305,KJ5KON,20m,FT8,EM54QO,EM54,FN21,1450.013,900.996,grid6+,
20250711,0313,WA8CAC,40m,FT8,EN91CH30,EN91,FN21,499.580,310.425,grid6+,
20250711,0315,KA9FOX,40m,FT8,EN43,EN43,FN21,1328.266,825.346,grid4,
20250711,0316,KC1SYO,40m,FT8,FN41IX,FN41,FN21,333.091,206.973,grid6+,
20250711,0318,VE7VU,20m,FT4,DN29,DN29,FN21,3200.250,1988.543,grid4,
20250711,0319,K5KDE,20m,FT4,EM12,EM12,FN21,2186.330,1358.522,grid4,
20250711,0325,W4CHI,40m,FT8,FM05BR,FM05,FN21,752.290,467.451,grid6+,
20250711,0327,K5LA,40m,FT8,DM61,DM61,FN21,3047.330,1893.523,grid4,
20250711,0354,KD6RN,80m,FT8,FN42,FN42,FN21,348.696,216.669,grid4,
20250711,0356,W3UA,80m,FT8,FN42,FN42,FN21,348.696,216.669,grid4,
20250711,0359,N6RPR,40m,FT8,DM13DN,DM13,FN21,3771.352,2343.409,grid6+,
20250711,0403,W6GRE,40m,FT8,EN31ER,EN31,FN21,1496.321,929.771,grid6+,
20250711,0409,CO8LY,17m,FT8,FL20,FL20,FN21,2335.093,1450.959,grid4,
20250711,2114,WB5BI,20m,FT8,EM34,EM34,FN21,1754.103,1089.949,grid4,
20250712,0036,SV3AUW,20m,FT8,KM17,KM17,FN21,7927.729,4926.061,grid4,
20250712,0039,CU6AB,20m,FT4,HM58,HM58,FN21,3886.211,2414.779,grid4,
20250712,0039,HF7X,20m,FT4,KO01,KO01,FN21,6891.449,4282.146,grid4,
20250712,0040,F1IQH,20m,FT4,JN27,JN27,FN21,6093.746,3786.477,grid4,
20250712,0041,EA2AA,20m,FT4,IN83,IN83,FN21,5714.452,3550.795,grid4,
20250712,0042,CU7MD,20m,FT4,HM58,HM58,FN21,3886.211,2414.779,grid4,
20250712,0043,WE2N,20m,FT4,EL97TG,EL97,FN21,1649.843,1025.165,grid6+,
20250712,0044,CT7BOR,20m,FT4,IN51,IN51,FN21,5353.734,3326.655,grid4,
20250712,0049,HA1SU,20m,FT8,JN87,JN87,FN21,6883.947,4277.485,grid4,
20250712,0051,SP5EXA,20m,FT8,KO02,KO02,FN21,6832.144,4245.296,grid4,
20250712,0058,VE2QH,40m,FT8,FN46,FN46,FN21,641.255,398.457,grid4,
20250712,0105,UR5FLN,40m,FT8,KN56,KN56,FN21,7807.200,4851.168,grid4,
20250712,0111,K8ZZ,80m,FT8,EN90,EN90,FN21,515.534,320.338,grid4,
20250712,0114,SV8JE,80m,FT8,KM08,KM08,FN21,7721.142,4797.693,grid4,
20250712,0123,AC3NO,40m,FT8,FN20DG,FN20,FN21,111.195,69.093,grid6+,
20250724,0011,K7EA,20m,FT4,DN40,DN40,FN21,3001.219,1864.871,grid4,
20250724,0012,K1KPC,20m,FT4,EM63,EM63,FN21,1380.359,857.715,grid4,
20250724,0013,8P6PD,17m,FT8,GK03,GK03,FN21,3477.001,2160.508,grid4,
20250724,0017,PY2BS,17m,FT8,GG66,GG66,FN21,7782.274,4835.680,grid4,
20250724,0019,N7RDJ,15m,FT8,DM43CH,DM43,FN21,3272.023,2033.140,grid6+,
20250724,0023,N7IW,20m,FT8,CN85,CN85,FN21,3839.059,2385.480,grid4,
20250724,0024,KA5RBZ,20m,FT8,EM13qc,EM13,FN21,2126.891,1321.589,grid6+,
20250724,0026,EC3A,20m,FT8,JN00jv,JN00,FN21,6158.104,3826.467,grid6+,
20250724,0027,W4PPC,20m,FT8,EM64,EM64,FN21,1306.145,811.601,grid4,
20250724,0029,N5WXY,20m,FT8,EM40,EM40,FN21,1883.246,1170.195,grid4,
20250724,0029,EA8BFH,20m,FT8,IL18,IL18,FN21,5372.977,3338.612,grid4,
20250724,0036,W3EWL,40m,FT8,FM19,FM19,FN21,279.363,173.588,grid4,
20250724,0039,N3UL,40m,FT8,FN21,FN21,FN21,0.000,0.000,grid4,
20250802,2206,2E0WKK,15m,FT8,IO83,IO83,FN21,5327.174,3310.151,grid4,
20250802,2211,LU3JVR,15m,FT8,FF98,FF98,FN21,8243.229,5122.104,grid4,
20250802,2216,H82AT,15m,FT8,FJ09bi,FJ09,FN21,3579.813,2224.392,grid6+,
20250802,2219,OK1WCF,15m,FT8,JO80,JO80,FN21,6710.852,4169.929,grid4,
20250804,1435,K5MGY,20m,FT8,EM12KP,EM12,FN21,2186.330,1358.522,grid6+,
20250804,1438,KQ4CRY,20m,FT8,EM64,EM64,FN21,1306.145,811.601,grid4,
20250804,1449,WU5E,20m,FT8,EM72PH,EM72,FN21,1336.043,830.178,grid6+,
20250804,1451,N8CKU,20m,FT8,EM74UE,EM74,FN21,1170.547,727.344,grid6+,
20250804,1510,N4NTY,20m,FT8,EL87QL,EL87,FN21,1718.746,1067.979,grid6+,
20250804,1516,KS4OT,20m,FT8,EM83IJ,EM83,FN21,1134.388,704.876,grid6+,
20250804,1520,KO4O,20m,FT8,EM64,EM64,FN21,1306.145,811.601,grid4,
20250804,1533,N5CH,20m,FT8,EM05,EM05,FN21,2184.165,1357.177,grid4,
20250804,1602,PT2OP,15m,FT8,GH64,GH64,FN21,6961.085,4325.416,grid4,
20250804,1610,TF3VS,15m,FT8,HP94,HP94,FN21,4229.729,2628.231,grid4,
20250804,1613,F6BIA,15m,FT8,JN18,JN18,FN21,5912.145,3673.635,grid4,
20250804,1620,OK1AWC,15m,FT8,JO70,JO70,FN21,6588.293,4093.774,grid4,
20250804,1756,DA6KI,15m,FT8,JO43,JO43,FN21,6071.731,3772.798,grid4,
20250804,1758,DK5UP,15m,FT8,JO31,JO31,FN21,6038.527,3752.165,grid4,
20250804,1759,PA4GDR,15m,FT8,JO32,JO32,FN21,5993.805,3724.377,grid4,
20250804,1801,DL1HQN,15m,FT8,JO61,JO61,FN21,6412.246,3984.384,grid4,
20250804,1803,DO5KMR,15m,FT8,JO44,JO44,FN21,6027.133,3745.085,grid4,
20250804,1434,N1PPP,20m,FT8,CM89,CM89,FN21,4012.111,2493.009,grid4,
20250804,1807,F1PPH,15m,FT8,JN07,JN07,FN21,5820.187,3616.495,grid4,
20250804,1809,PC2J,15m,FT8,JO22,JO22,FN21,5868.972,3646.809,grid4,
20250804,1817,K5EW,15m,FT8,EM40,EM40,FN21,1883.246,1170.195,grid4,
20250804,1840,EA8AJ,15m,FT8,IL18,IL18,FN21,5372.977,3338.612,grid4,
20250804,1845,WT8J,20m,FT4,EN53,EN53,FN21,1167.603,725.515,grid4,
20250804,1846,WD9HSY,20m,FT4,EN61,EN61,FN21,998.557,620.474,grid4,
20250804,1847,N5VU,20m,FT4,EM12,EM12,FN21,2186.330,1358.522,grid4,
20250804,1848,W7MWR,20m,FT4,CN88EC,CN88,FN21,3788.516,2354.074,grid6+,
20250804,1851,K4JAF,20m,FT4,EM74,EM74,FN21,1170.547,727.344,grid4,
20250804,1853,WA9VZD,20m,FT4,EN60,EN60,FN21,1012.328,629.031,grid4,
20250804,1925,G4YLJ,20m,FT8,IO83,IO83,FN21,5327.174,3310.151,grid4,
20250804,1928,W9NT,20m,FT8,EN51,EN51,FN21,1164.644,723.676,grid4,
20250804,1939,PY4EVS,10m,FT8,GG89,GG89,FN21,7641.675,4748.315,grid4,
20250804,1940,W4SPF,10m,FT8,EL96,EL96,FN21,1756.036,1091.150,grid4,
20250804,1943,LU8EX,10m,FT8,GF05,GF05,FN21,8607.349,5348.357,grid4,
20250804,1945,PY5TD,10m,FT8,GG54,GG54,FN21,7916.738,4919.232,grid4,
20250804,1946,KR4HU,10m,FT8,EL87,EL87,FN21,1718.746,1067.979,grid4,
20250804,1948,IZ0ZIP,10m,FT8,JN61wl,JN61,FN21,6971.978,4332.185,grid6+,
20250905,2350,N4TRD,20m,FT8,EM95OK,EM95,FN21,846.710,526.121,grid6+,
20250905,2351,KD5USA,20m,FT4,EM63CW,EM63,FN21,1380.359,857.715,grid6+,
20250905,2353,WB9RWL,20m,FT4,EM73,EM73,FN21,1251.120,777.410,grid4,
20250905,2354,KQ4YKF,20m,FT4,EM70SO,EM70,FN21,1515.978,941.985,grid6+,
20250905,2356,WB8UBR,20m,FT4,EM79UD,EM79,FN21,873.719,542.904,grid6+,
20250906,0020,KC4EZN,20m,FT8,EM85,EM85,FN21,963.425,598.644,grid4,
20250906,0022,OK1WCF,20m,FT8,JO80,JO80,FN21,6710.852,4169.929,grid4,
20250906,0027,TY5AD,20m,FT8,JJ16,JJ16,FN21,8530.768,5300.772,grid4,
20250906,0030,KD8IAK,20m,FT8,EN72,EN72,FN21,833.285,517.779,grid4,
20250906,0035,IW2DNI,20m,FT8,JN45,JN45,FN21,6467.567,4018.759,grid4,
20250906,0043,HC2EP,15m,FT8,FI07,FI07,FN21,4909.271,3050.478,grid4,
20250906,0047,SM2LIY,15m,FT8,KP04,KP04,FN21,6187.065,3844.463,grid4,
20250906,0048,KK5JY,15m,FT8,EM16,EM16,FN21,1974.552,1226.929,grid4,
20250906,0049,PY5EJ,15m,FT8,GG54,GG54,FN21,7916.738,4919.232,grid4,
20250906,0053,W5PUI,15m,FT8,EM21,EM21,FN21,2097.436,1303.286,grid4,
20250906,0055,PT2ND,15m,FT8,GH64,GH64,FN21,6961.085,4325.416,grid4,
20250906,0056,5Z4VJ,15m,FT8,KI88,KI88,FN21,11934.139,7415.528,grid4,
20250906,0058,KH7EH,15m,FT8,BL11CJ,BL11,FN21,7798.469,4845.743,grid6+,
20250906,0100,K6ISS/W6C,15m,FT8,DM14id,DM14,FN21,3723.638,2313.761,grid6+,
20250906,0113,T30TTT,15m,FT8,RJ61,RJ61,FN21,11703.867,7272.444,grid4,
20250906,0116,PY2MTG,15m,FT8,GG66,GG66,FN21,7782.274,4835.680,grid4,
20250906,0117,PY2BZZ,15m,FT8,GG66,GG66,FN21,7782.274,4835.680,grid4,
20250906,0119,KM6HB,15m,FT8,DM13,DM13,FN21,3771.352,2343.409,grid4,
20250906,0121,HI6M,15m,FT8,FK48pv,FK48,FN21,2585.548,1606.585,grid6+,
20250908,0212,PY7ZZ,15m,FT8,HI21,HI21,FN21,6893.953,4283.702,grid4,
20250908,2225,PU2RXF,10m,FT8,GG66,GG66,FN21,7782.274,4835.680,grid4,
20250908,2231,YY6HJM,10m,FT8,FJ78,FJ78,FN21,3799.049,2360.619,grid4,
20250908,2235,CW200DI,15m,FT8,GF16wv,GF16,FN21,8540.419,5306.769,grid6+,
20250908,2236,KO6CAV,15m,FT8,CM98,CM98,FN21,3886.211,2414.779,grid4,
20250908,2237,PY2DPM,15m,FT8,GG66,GG66,FN21,7782.274,4835.680,grid4,
20250908,2238,LU1VDF,15m,FT8,FE48,FE48,FN21,9237.949,5740.194,grid4,
20250908,2242,XE3E,15m,FT8,EK37,EK37,FN21,3172.146,1971.080,grid4,
20250908,2244,CE3UOB,15m,FT8,FF46,FF46,FN21,8349.652,5188.232,grid4,
20250908,2255,PY5TD,10m,FT8,GG54,GG54,FN21,7916.738,4919.232,grid4,
20250909,0041,KJ5HTG,20m,FT8,EM13,EM13,FN21,2126.891,1321.589,grid4,
20250909,0043,PV203BR,20m,FT8,GH49eq,GH49,FN21,6282.069,3903.496,grid6+,
20250909,0059,KO4LRC,20m,FT8,EM82DN54,EM82,FN21,1226.017,761.811,grid6+,
20250909,0207,N0JT,20m,FT8,EN11,EN11,FN21,1827.183,1135.358,grid4,
20250909,0212,W5RL,20m,FT8,EM12,EM12,FN21,2186.330,1358.522,grid4,
20250921,2023,EA3GCT,10m,FT8,JN01,JN01,FN21,6106.451,3794.372,grid4,
20250921,2029,5Z4VJ,10m,FT8,KI88,KI88,FN21,11934.139,7415.528,grid4,
20250921,2037,HB9EFK,10m,FT8,JN46,JN46,FN21,6414.556,3985.819,grid4,
20250921,2039,W0QO,10m,FT8,DM79NM,DM79,FN21,2533.566,1574.284,grid6+,
20250921,2042,AC7WY,10m,FT8,DN61JT,DN61,FN21,2649.512,1646.330,grid6+,
20250921,2045,KF0RT,10m,FT8,DM79KU,DM79,FN21,2533.566,1574.284,grid6+,
20250921,2049,CT1EAT,10m,FT8,IM59,IM59,FN21,5444.520,3383.067,grid4,
20251019,1920,4V1SB,10m,FT8,FK38,FK38,FN21,2564.529,1593.524,grid4,
20251024,1328,K2FZZ,80m,SSB,FN21pc,FN21,FN21,0.000,0.000,grid6+,
20251027,2017,KO4GAR,20m,DIGITALVOICE,EM95KC44,EM95,FN21,846.710,526.121,grid6+,
20251027,2049,W4HTP,20m,DIGITALVOICE,EM95PD69,EM95,FN21,846.710,526.121,grid6+,
20251027,2119,K1FRC,40m,DIGITALVOICE,FN31lk,FN31,FN21,166.556,103.493,grid6+,
20251027,2119,7Z1AO,40m,DIGITALVOICE,KL91,KL91,FN21,10266.149,6379.087,grid4,
20251103,1837,KC9RFV,20m,FT8,EN61XQ,EN61,FN21,998.557,620.474,grid6+,
20251107,0051,KD2GIY,80m,SSB,FN21qf,FN21,FN21,0.000,0.000,grid6+,
20251228,1711,VE6BR,20m,FT8,DO30,DO30,FN21,3062.176,1902.747,grid4,
20251228,1716,ON4JMV,20m,FT8,JO10,JO10,FN21,5825.032,3619.506,grid4,
20251228,1720,KO4LEM,20m,FT4,EM74,EM74,FN21,1170.547,727.344,grid4,
20251228,1721,KF9UG,20m,FT4,EN71LH,EN71,FN21,832.336,517.189,grid6+,
20251228,1722,ON3NR,20m,FT4,JO20,JO20,FN21,5955.297,3700.449,grid4,
20251228,1724,W1MJC,20m,FT4,EN72UP,EN72,FN21,833.285,517.779,grid6+,
20251228,1724,K4ZH,20m,FT4,EM79QB73,EM79,FN21,873.719,542.904,grid6+,
20251228,1725,N0XRG,20m,FT4,EL29OT,EL29,FN21,2239.805,1391.750,grid6+,
20251228,1727,AD8IO,20m,FT4,EN81UF,EN81,FN21,666.003,413.835,grid6+,
20251228,1728,EA3GCT,20m,FT4,JN01,JN01,FN21,6106.451,3794.372,grid4,
20251228,1730,K2AK,20m,FT4,DM41UN,DM41,FN21,3376.115,2097.820,grid6+,
20251228,1732,KI4EKR,20m,FT4,EM70uk,EM70,FN21,1515.978,941.985,grid6+,
20251228,1735,K4HI,20m,FT4,EM93KX,EM93,FN21,1034.466,642.787,grid6+,
20251228,1737,F1TXI,15m,FT4,IN96,IN96,FN21,5724.609,3557.106,grid4,
20251228,1739,K5KVN,20m,FT4,EM26,EM26,FN21,1810.634,1125.076,grid4,
20251228,1740,N9ZGT,20m,FT4,EN51WW,EN51,FN21,1164.644,723.676,grid6+,
20251228,1742,KA8HDE,20m,FT4,EN35,EN35,FN21,1514.683,941.180,grid4,
20251228,1744,K0KW,20m,FT4,EN42,EN42,FN21,1324.829,823.210,grid4,
20251228,1746,AB8KP,20m,FT4,EN73JB,EN73,FN21,848.843,527.446,grid6+,
20251228,1748,K9JP,20m,FT4,EN82ID,EN82,FN21,670.092,416.376,grid6+,
20260101,1957,EM0WWA,20m,FT4,KO65,KO65,FN21,7281.166,4524.305,grid4,
20260101,1958,DA0WWA,20m,FT4,JN48,JN48,FN21,6311.420,3921.734,grid4,
20260101,2000,EA8CVR,20m,FT4,IL18,IL18,FN21,5372.977,3338.612,grid4,
20260101,2001,9A4W,20m,FT4,JN83GJ,JN83,FN21,7125.075,4427.315,grid6+,
20260101,2001,IT9KWW,20m,FT4,JM77pc,JM77,FN21,7362.272,4574.702,grid6+,
20260101,2002,CQ7WWA,20m,FT4,IM67,IM67,FN21,5698.411,3540.827,grid4,
20260101,2005,EA8UP,20m,FT8,IL18,IL18,FN21,5372.977,3338.612,grid4,
20260101,2116,KO4GAR,20m,FT8,EM95KC44,EM95,FN21,846.710,526.121,grid6+,
20260101,2124,NC4PB,20m,SSB,FM05ma,FM05,FN21,752.290,467.451,grid6+,
20260101,2134,CR3REP,20m,FT4,IM12mt,IM12,FN21,5149.441,3199.713,grid6+,
20260101,2135,W4SPF,20m,FT4,EL96,EL96,FN21,1756.036,1091.150,grid4,
20260101,2137,KP4OMR,20m,FT4,FK68,FK68,FN21,2667.938,1657.779,grid4,
20260101,2138,CS26REP,20m,FT4,IM59wo,IM59,FN21,5444.520,3383.067,grid6+,
20260101,2144,KN5YVJ,20m,FT8,EL29GR,EL29,FN21,2239.805,1391.750,grid6+,
20260101,2147,V31DL,20m,FT8,EK57,EK57,FN21,2983.666,1853.963,grid4,
20260101,2149,W9EAJ,20m,FT8,EM59,EM59,FN21,1203.042,747.535,grid4,
20260101,2155,KQ4WES,20m,FT4,EM73OK,EM73,FN21,1251.120,777.410,grid6+,
20260101,2156,W4MGZ,20m,FT4,EL87ur,EL87,FN21,1718.746,1067.979,grid6+,
20260101,2158,W9MDM,20m,FT4,EN61JJ,EN61,FN21,998.557,620.474,grid6+,
20260101,2159,W4LB,20m,FT4,EM45QW,EM45,FN21,1540.689,957.339,grid6+,
20260101,2202,KP2BH,20m,FT4,EL98,EL98,FN21,1544.338,959.607,grid4,
20260102,1727,PD8HUB,20m,FT8,JO21,JO21,FN21,5911.517,3673.245,grid4,
20260102,1731,W9MDM,20m,FT8,EN61JJ,EN61,FN21,998.557,620.474,grid6+,
20260102,1737,SM6UQL,20m,FT8,JO57,JO57,FN21,6011.345,3735.275,grid4,
20260102,1738,EA6NB,20m,FT8,JM19ip,JM19,FN21,6360.920,3952.491,grid6+,
20260102,1742,G4IIY,20m,FT8,IO85,IO85,FN21,5268.080,3273.432,grid4,
20260102,1745,OZ1HPS,20m,FT8,JO45,JO45,FN21,5983.714,3718.106,grid4,
20260102,1800,IR0WWA,20m,FT8,JN40,JN40,FN21,6745.989,4191.762,grid4,
20260102,1803,F5CCX,20m,FT8,JN18,JN18,FN21,5912.145,3673.635,grid4,
20260102,1808,SN3WWA,20m,FT8,KO00,KO00,FN21,6951.489,4319.454,grid4,
20260102,1844,VE2SG,20m,FT8,FN46,FN46,FN21,641.255,398.457,grid4,
20260102,1858,EG9WWA,20m,FT4,IM75,IM75,FN21,5960.771,3703.850,grid4,
20260102,1904,K8SAW,20m,FT4,EN82,EN82,FN21,670.092,416.376,grid4,
20260102,1907,VE2LBI,20m,FT4,FN35,FN35,FN21,473.087,293.963,grid4,
20260102,1908,KD2YQS,20m,FT4,FN20WH,FN20,FN21,111.195,69.093,grid6+,
20260102,1910,F4GWG,20m,FT4,IN77,IN77,FN21,5401.689,3356.453,grid4,
20260102,1926,NO0X,20m,FT4,EN16XG,EN16,FN21,1838.418,1142.340,grid6+,
20260102,1928,K4ISU,20m,FT4,EM74,EM74,FN21,1170.547,727.344,grid4,
20260102,1929,KI5DXY,20m,FT4,EM02,EM02,FN21,2344.005,1456.497,grid4,
20260102,1931,W9RTB,20m,FT4,EN51WW,EN51,FN21,1164.644,723.676,grid6+,
20260102,1952,KE8ESJ,20m,FT8,EM99,EM99,FN21,553.758,344.089,grid4,
20260102,2008,K4TLJ,20m,FT4,EM73PV,EM73,FN21,1251.120,777.410,grid6+,
20260102,2010,KM5RF,20m,FT4,EM12,EM12,FN21,2186.330,1358.522,grid4,
20260102,2012,HK3W,20m,FT4,FJ34,FJ34,FN21,4119.025,2559.443,grid4,
20260102,2023,K9LZJ,20m,FT4,EM79AU,EM79,FN21,873.719,542.904,grid6+,
20260102,2024,WE9G,20m,FT4,EM75NF,EM75,FN21,1095.283,680.577,grid6+,
20260102,2027,CO8ZZ,15m,FT8,FL10,FL10,FN21,2342.679,1455.673,grid4,
20260102,2029,HP1RY,15m,FT8,FJ09,FJ09,FN21,3579.813,2224.392,grid4,
20260102,2038,CR2WWA,30m,FT8,HM77,HM77,FN21,4253.244,2642.842,grid4,
20260102,2051,CR3REP,30m,FT8,IM12,IM12,FN21,5149.441,3199.713,grid4,
20260102,2053,VE3TKB,20m,FT4,EN92,EN92,FN21,507.999,315.656,grid4,
20260102,2055,WA4TED,20m,FT4,EM75DR,EM75,FN21,1095.283,680.577,grid6+,
20260102,2056,WB8SCG,20m,FT4,FM16QV66,FM16,FN21,582.169,361.743,grid6+,
20260102,2058,VK7AC,20m,FT4,QE38,QE38,FN21,16552.659,10285.342,grid4,
20260102,2059,WA1QFV,20m,FT4,FN41,FN41,FN21,333.091,206.973,grid4,
20260102,2102,KP4COD,20m,FT4,FK78,FK78,FN21,2728.064,1695.140,grid4,
20260102,2105,KI6DY,20m,FT4,EN91,EN91,FN21,499.580,310.425,grid4,
20260102,2106,WA8VDG,20m,FT4,EN91BK,EN91,FN21,499.580,310.425,grid6+,
20260102,2112,AD8QB,20m,FT4,EM79,EM79,FN21,873.719,542.904,grid4,
20260102,2112,WY0V,20m,FT4,EN12SM,EN12,FN21,1816.237,1128.557,grid6+,
20260102,2114,WX4DAT,20m,FT4,EM95,EM95,FN21,846.710,526.121,grid4,
20260102,2115,KJ5EQQ,20m,FT4,EM20DA,EM20,FN21,2167.003,1346.513,grid6+,
20260102,2116,K8OM,20m,FT4,EN42EB,EN42,FN21,1324.829,823.210,grid6+,
20260102,2117,N3PK,20m,FT4,EM84,EM84,FN21,1046.514,650.274,grid4,
20260102,2118,K9DLL,20m,FT4,EN61,EN61,FN21,998.557,620.474,grid4,
20260102,2118,KZ9DX,20m,FT4,EN61CQ,EN61,FN21,998.557,620.474,grid6+,
20260102,2119,KG4BLR,20m,FT4,EM61UG,EM61,FN21,1541.984,958.144,grid6+,
20260102,2121,NE8O/P,20m,FT4,FM05,FM05,FN21,752.290,467.451,grid4,
20260102,2121,KN4JX,20m,FT4,EM37,EM37,FN21,1603.784,996.545,grid4,
20260102,2128,WN0KS,20m,FT4,EM19QE,EM19,FN21,1868.296,1160.905,grid6+,
20260102,2132,9Y4C,20m,FT4,FK90,FK90,FN21,3708.760,2304.516,grid4,
20260102,2140,KC1UVP,20m,FT8,FN42KI,FN42,FN21,348.696,216.669,grid6+,
20260102,2142,KK7MBG,20m,FT8,EL98,EL98,FN21,1544.338,959.607,grid4,
20260102,2154,VE2OJM,20m,FT8,FN58,FN58,FN21,909.505,565.140,grid4,
20260102,2206,WB4CW,20m,FT4,EM85XV,EM85,FN21,963.425,598.644,grid6+,
20260102,2209,HC2GRC,15m,FT8,FI07,FI07,FN21,4909.271,3050.478,grid4,
20260103,1601,N5ME,20m,FT4,EM71GE,EM71,FN21,1424.537,885.166,grid6+,
20260103,1612,WA3VXJ,20m,FT8,EM99,EM99,FN21,553.758,344.089,grid4,
20260103,1614,V31DL,20m,FT8,EK57,EK57,FN21,2983.666,1853.963,grid4,
20260103,1615,W4EIS,20m,FT8,EM13QS,EM13,FN21,2126.891,1321.589,grid6+,
20260103,1617,W3YNI,20m,FT8,FN00EJ,FN00,FN21,353.576,219.702,grid6+,
20260103,1618,KW7E,20m,FT8,DM33VL,DM33,FN21,3438.321,2136.473,grid6+,
20260103,1622,N2BMN,20m,FT8,EL97TN,EL97,FN21,1649.843,1025.165,grid6+,
20260103,1633,K4YT,20m,FT4,FM19IA,FM19,FN21,279.363,173.588,grid6+,
20260103,1635,W1SIP,20m,FT4,FM18,FM18,FN21,374.539,232.728,grid4,
20260103,1636,KE9AJC,20m,FT4,EN61VQ,EN61,FN21,998.557,620.474,grid6+,
20260103,1636,W4UTZ,20m,FT4,EM95NF,EM95,FN21,846.710,526.121,grid6+,
20260103,1637,N8CQD,20m,FT4,FM15HN,FM15,FN21,689.438,428.397,grid6+,
20260103,1639,KR4MT,20m,FT4,EM77,EM77,FN21,965.577,599.982,grid4,
20260103,1646,N4LDR,20m,FT4,FM08SO,FM08,FN21,476.726,296.224,grid6+,
20260103,1647,KG4IXS,20m,FT4,FM06HU20,FM06,FN21,654.480,406.675,grid6+,
20260103,1703,N3AZ,17m,FT8,EL09XN,EL09,FN21,2536.422,1576.059,grid6+,
20260103,1708,N8BEK,20m,FT8,EM89JW,EM89,FN21,711.722,442.243,grid6+,
20260103,1710,KO4PV,20m,FT8,FM25eu,FM25,FN21,667.170,414.560,grid6+,
20260103,1711,AD9AR,20m,FT8,EM69WQ,EM69,FN21,1037.799,644.858,grid6+,
20260103,1713,N8CDY,20m,FT8,EN90CU,EN90,FN21,515.534,320.338,grid6+,
20260103,1717,K4SYT,20m,FT8,EM90ET,EM90,FN21,1336.041,830.177,grid6+,
20260103,1718,KF0V,20m,FT8,FM18,FM18,FN21,374.539,232.728,grid4,
20260103,1720,KB9ZM,20m,FT8,EM57OV,EM57,FN21,1279.078,794.782,grid6+,
20260103,1726,N9ZTS,20m,FT8,EN82KN,EN82,FN21,670.092,416.376,grid6+,
20260103,1727,KA3SVK,20m,FT8,FM19JG,FM19,FN21,279.363,173.588,grid6+,
20260103,1737,KE8RAS,20m,FT8,EM97II,EM97,FN21,680.020,422.545,grid6+,
20260103,1819,KW7E,10m,FT8,DM33VL,DM33,FN21,3438.321,2136.473,grid6+,
20260103,1825,KZ7Y,10m,FT4,EL95VS,EL95,FN21,1862.799,1157.489,grid6+,
20260103,1828,KB0KRU,10m,FT8,EN12UK,EN12,FN21,1816.237,1128.557,grid6+,
20260103,1830,W5OY,10m,FT8,EM26,EM26,FN21,1810.634,1125.076,grid4,
20260103,1835,N0ULU,10m,FT8,DM78OV,DM78,FN21,2564.047,1593.224,grid6+,
20260104,0127,N1EDF,40m,FT8,FN42IH,FN42,FN21,348.696,216.669,grid6+,
20260104,0129,W9DHI,40m,FT8,EN63AH,EN63,FN21,1007.627,626.110,grid6+,
20260104,0138,AD8J,40m,FT4,EM85RP,EM85,FN21,963.425,598.644,grid6+,
20260104,0139,W1ZAD,40m,FT4,FN42MR,FN42,FN21,348.696,216.669,grid6+,
20260104,0142,N4TRD,40m,FT4,EM90,EM90,FN21,1336.041,830.177,grid4,
20260104,0143,W9KEY,40m,FT4,EN63AH,EN63,FN21,1007.627,626.110,grid6+,
20260104,0144,WB9HLA,40m,FT4,EN70HK,EN70,FN21,846.044,525.707,grid6+,
20260104,0156,KC1JOL,40m,FT8,FN41JQ,FN41,FN21,333.091,206.973,grid6+,
20260104,0205,KC8SWY,40m,FT4,EN72CG,EN72,FN21,833.285,517.779,grid6+,
20260104,0216,AD9FR,40m,FT8,EM69XL,EM69,FN21,1037.799,644.858,grid6+,
20260104,0409,W8ASH,80m,FT8,EN70ti,EN70,FN21,846.044,525.707,grid6+,
20260104,0412,KC2GYU,80m,FT8,FM29PE,FM29,FN21,222.390,138.187,grid6+,
20260104,0414,KF9UG,80m,FT8,EN71LH,EN71,FN21,832.336,517.189,grid6+,
20260104,0418,KC1OCA,40m,FT8,FN32UC,FN32,FN21,199.184,123.767,grid6+,
20260104,0422,WA3N,40m,FT8,EM56OB,EM56,FN21,1329.318,826.000,grid6+,
20260104,0431,W9JOE,40m,FT8,EN71CM,EN71,FN21,832.336,517.189,grid6+,
20260105,1628,PD9FLX,10m,FT8,JO22,JO22,FN21,5868.972,3646.809,grid4,
20260105,1629,DO1EHS,10m,FT8,JO31me,JO31,FN21,6038.527,3752.165,grid6+,
20260105,1632,KA4KBX,10m,FT8,EM73HD,EM73,FN21,1251.120,777.410,grid6+,
20260105,1651,N4NTY,10m,FT8,EL87QL,EL87,FN21,1718.746,1067.979,grid6+,
20260105,1737,KQ4VWI,20m,FT8,FM05LG,FM05,FN21,752.290,467.451,grid6+,
20260105,1741,N7NHS,20m,FT8,DN36BU,DN36,FN21,3059.331,1900.979,grid6+,
20260105,1742,KC9DK,20m,FT8,EM68EB,EM68,FN21,1074.138,667.438,grid6+,
20260105,1743,IZ0ZIP,20m,FT8,JN61wl,JN61,FN21,6971.978,4332.185,grid6+,
20260105,1748,AC9XW,20m,FT8,EN53OU,EN53,FN21,1167.603,725.515,grid6+,
20260105,1751,W4BXR,20m,FT8,EM66WD,EM66,FN21,1175.092,730.168,grid6+,
20260105,1753,K4AGS,20m,FT8,EM73TP,EM73,FN21,1251.120,777.410,grid6+,
20260105,1818,KB0PVB,20m,FT8,DM79OS,DM79,FN21,2533.566,1574.284,grid6+,
20260105,1821,N1SK,20m,FT8,FN33WL,FN33,FN21,276.279,171.672,grid6+,
20260105,1849,W6ZD,20m,FT8,EL96US,EL96,FN21,1756.036,1091.150,grid6+,
20260105,2001,N8IDA,20m,FT8,EM79TC,EM79,FN21,873.719,542.904,grid6+,
20260105,2016,KC2UP,20m,FT8,EL96VP,EL96,FN21,1756.036,1091.150,grid6+,
20260105,2021,W9SV,20m,FT8,EN52TM,EN52,FN21,1160.870,721.331,grid6+,
20260105,2024,KJ6GHN,20m,FT8,FN21OB,FN21,FN21,0.000,0.000,grid6+,
20260105,2028,W5TMK,20m,FT8,EM77JR,EM77,FN21,965.577,599.982,grid6+,
20260105,2047,KM4IY,20m,FT8,EM77NF,EM77,FN21,965.577,599.982,grid6+,
20260105,2121,KQ4JSA,20m,FT8,EM95OH,EM95,FN21,846.710,526.121,grid6+,
20260105,2129,KA3ZLS,20m,FT8,FM28EW,FM28,FN21,333.585,207.280,grid6+,
20260106,0410,KL5PF,30m,FT8,BP64dv,BP64,FN21,5087.896,3161.471,grid6+,
20260106,1426,KJ4HQS,20m,FT8,EM78,EM78,FN21,914.094,567.992,grid4,
20260106,1428,KA9WAR,20m,FT8,EN65,EN65,FN21,1063.775,660.999,grid4,
20260106,1436,KB3OAD,20m,FT8,EN51VW,EN51,FN21,1164.644,723.676,grid6+,
20260106,1438,KE9CWZ,20m,FT8,EN51VV,EN51,FN21,1164.644,723.676,grid6+,
20260106,1442,KW2E,20m,FT8,EM74,EM74,FN21,1170.547,727.344,grid4,
20260106,1447,K8ZI,20m,FT8,EN61EV,EN61,FN21,998.557,620.474,grid6+,
20260106,1451,WD4ROB,20m,FT8,EL96BM,EL96,FN21,1756.036,1091.150,grid6+,
20260106,1454,N8MAS,20m,FT8,EM89BK,EM89,FN21,711.722,442.243,grid6+,
20260106,1456,KE0WSW,20m,FT8,EN16OW,EN16,FN21,1838.418,1142.340,grid6+,
20260106,1458,K4HIV,20m,FT8,EM85DA,EM85,FN21,963.425,598.644,grid6+,
20260106,1459,K5BYN,20m,FT8,EM25MO,EM25,FN21,1858.556,1154.853,grid6+,
20260106,1503,W9GOS,20m,FT8,EL89,EL89,FN21,1516.505,942.312,grid4,
20260106,1509,NS0K,20m,FT8,EM95EB,EM95,FN21,846.710,526.121,grid6+,
20260106,1512,W4DJF,20m,FT8,EM86BG,EM86,FN21,886.465,550.823,grid6+,
20260106,1516,K5VYT,20m,FT8,DM79,DM79,FN21,2533.566,1574.284,grid4,
20260106,1525,KQ4BWB,20m,FT8,DM43,DM43,FN21,3272.023,2033.140,grid4,
20260106,1537,KC8THC,20m,FT8,EN72ST,EN72,FN21,833.285,517.779,grid6+,
20260106,1548,WA3MH,20m,FT8,FM18FI,FM18,FN21,374.539,232.728,grid6+,
20260106,1554,KE8YVG,20m,FT8,EM89,EM89,FN21,711.722,442.243,grid4,
20260106,1610,WS1T,20m,FT8,EN91HC,EN91,FN21,499.580,310.425,grid6+,
20260106,1614,WA2HIP,20m,FT8,FN54PS,FN54,FN21,590.816,367.116,grid6+,
20260106,1652,KD3BAT,20m,FT8,FN20LD,FN20,FN21,111.195,69.093,grid6+,
20260106,1736,K4DAY,20m,FT8,EM75MF,EM75,FN21,1095.283,680.577,grid6+,
20260106,1849,N3QXC,20m,FT8,EN90UP,EN90,FN21,515.534,320.338,grid6+,
20260106,1857,AA5LG,20m,FT8,EM34VV,EM34,FN21,1754.103,1089.949,grid6+,
20260106,2042,KN4ZFI,20m,FT8,FM07AJ,FM07,FN21,561.652,348.994,grid6+,
20260106,2053,NU4U,20m,FT8,EM85RK,EM85,FN21,963.425,598.644,grid6+,
20260106,2055,KC8JRS,20m,FT8,EM79XQ,EM79,FN21,873.719,542.904,grid6+,
20260106,2101,KC2MOE,20m,FT8,FN20UQ,FN20,FN21,111.195,69.093,grid6+,
20260110,1712,KK4ELM,20m,FT8,EM85XQ,EM85,FN21,963.425,598.644,grid6+,
20260110,1714,NC4RA,20m,FT8,FM05PK,FM05,FN21,752.290,467.451,grid6+,
20260110,1719,KE8YTP,20m,FT8,EN90,EN90,FN21,515.534,320.338,grid4,
20260110,1750,W9BDH,20m,FT8,EN60NJ,EN60,FN21,1012.328,629.031,grid6+,
20260110,1752,KF8DDB,20m,FT8,FM09XJ,FM09,FN21,404.708,251.474,grid6+,
20260110,1758,KE8OOE,20m,FT8,EN80TL,EN80,FN21,680.246,422.685,grid6+,
20260110,1759,AC2PB,20m,FT8,FN20WT,FN20,FN21,111.195,69.093,grid6+,
20260110,1937,EA7BHO,20m,FT8,IM87,IM87,FN21,6010.776,3734.922,grid4,
20260117,1958,W1AW/4,20m,FT4,,,FN21,189.931,118.018,hamdat,
20260117,1959,CT7AUT,20m,FT4,IM67,IM67,FN21,5698.411,3540.827,grid4,
20260117,2003,N0OII,20m,FT4,EN12CW,EN12,FN21,1816.237,1128.557,grid6+,
20260117,2004,KC9RXM,20m,FT4,EN51WX,EN51,FN21,1164.644,723.676,grid6+,
20260126,2119,KR4GFN,20m,SSB,EM86sk,EM86,FN21,886.465,550.823,grid6+,
20260126,2151,K0LLE,20m,FT8,EM96,EM96,FN21,759.825,472.133,grid4,
20260220,1808,KM4F,20m,FT8,EM73,EM73,FN21,1251.120,777.410,grid4,
20260220,1824,II2V,20m,FT4,JN45,JN45,FN21,6467.567,4018.759,grid4,
20260220,1825,N0BTN,20m,FT4,EM28,EM28,FN21,1731.832,1076.110,grid4,
20260220,1833,K0VN,20m,FT4,DM43,DM43,FN21,3272.023,2033.140,grid4,
20260220,1837,W8BZZ,30m,FT8,EN90FO,EN90,FN21,515.534,320.338,grid6+,
20260220,1846,WA4CAS,20m,FT8,EM92QL,EM92,FN21,1133.021,704.027,grid6+,
20260220,1959,AD9DU,20m,FT4,EN52WA,EN52,FN21,1160.870,721.331,grid6+,
20260220,2004,WI9HRO,20m,FT4,EN63,EN63,FN21,1007.627,626.110,grid4,
20260220,2005,AB5SS,20m,FT4,DM89,DM89,FN21,2367.513,1471.104,grid4,
20260220,2013,KD0OIX,20m,FT4,EM26,EM26,FN21,1810.634,1125.076,grid4,
20260220,2014,KU4ET,20m,FT4,EM82CU,EM82,FN21,1226.017,761.811,grid6+,
20260220,2028,W3SSB,20m,FT8,FM03MP,FM03,FN21,956.688,594.458,grid6+,
20260220,2033,KD7CRA,20m,FT8,EM65NR,EM65,FN21,1237.403,768.886,grid6+,
20260220,2037,HB9VAA,20m,FT8,JN36,JN36,FN21,6278.991,3901.583,grid4,
20260220,2044,AO5TI,20m,FT8,IM88,IM88,FN21,5958.475,3702.424,grid4,
20260220,2054,KQ4WHD,20m,FT8,FM03,FM03,FN21,956.688,594.458,grid4,
20260220,2058,N3AZ,20m,FT8,EL09XN,EL09,FN21,2536.422,1576.059,grid6+,
20260223,2251,WI9HRO,20m,FT4,EN63AD,EN63,FN21,1007.627,626.110,grid6+,
20260223,2258,N9BQA,20m,FT4,EM38PE,EM38,FN21,1566.021,973.080,grid6+,
20260223,2259,N0AMY,20m,FT4,EM57,EM57,FN21,1279.078,794.782,grid4,
20260223,2305,ZF1NRC/R,15m,FT4,OP51,OP51,FN21,8549.206,5312.228,grid4,
20260223,2308,ZV2GO,15m,FT8,GH61,GH61,FN21,7268.066,4516.166,grid4,
20260223,2310,PY5JO,15m,FT8,GG54,GG54,FN21,7916.738,4919.232,grid4,
20260224,1846,AA9JC,20m,FT8,EN61,EN61,FN21,998.557,620.474,grid4,
20260224,1852,DL7VXX,20m,FT8,JO62,JO62,FN21,6361.142,3952.629,grid4,
20260224,1857,KD9LOK,20m,FT4,EM69,EM69,FN21,1037.799,644.858,grid4,
20260224,1858,K4CAE,20m,FT4,EM94,EM94,FN21,938.712,583.288,grid4,
20260224,1900,ON4MGV,20m,FT4,JO20,JO20,FN21,5955.297,3700.449,grid4,
20260224,1909,WB9CNE,20m,FT4,EM79CT,EM79,FN21,873.719,542.904,grid6+,
20260224,1920,KN4USA,20m,FT4,EM95RQ,EM95,FN21,846.710,526.121,grid6+,
20260224,1923,W4UB,20m,FT4,EL87,EL87,FN21,1718.746,1067.979,grid4,
20260301,1752,KC8LUB,20m,SSB,EM85dx,EM85,FN21,963.425,598.644,grid6+,
20260301,1757,K8DOJ,20m,SSB,EM79vf,EM79,FN21,873.719,542.904,grid6+,
20260301,1947,AA4BC,20m,SSB,EM93xa,EM93,FN21,1034.466,642.787,grid6+,
20260301,1947,KN4DDC,20m,SSB,FM16RT71,FM16,FN21,582.169,361.743,grid6+,
20260301,1932,W9YB,20m,SSB,EN60nk,EN60,FN21,1012.328,629.031,grid6+,
20260301,1919,W4KAZ,20m,SSB,FM05os,FM05,FN21,752.290,467.451,grid6+,
20260301,2101,KD5QJQ,20m,FT8,EM35,EM35,FN21,1698.338,1055.298,grid4,
20260301,2104,KQ3K,20m,FT8,EL89XE,EL89,FN21,1516.505,942.312,grid6+,
20260301,2110,W4UTZ,20m,FT8,EM95NF,EM95,FN21,846.710,526.121,grid6+,
20260301,2112,N1LCE,20m,FT8,EM84UW,EM84,FN21,1046.514,650.274,grid6+,
20260301,2114,AD9AR,20m,FT8,EM69WQ,EM69,FN21,1037.799,644.858,grid6+,
20260301,2115,N9TEA,20m,FT8,EN51XR,EN51,FN21,1164.644,723.676,grid6+,
20260301,2117,NB4F,20m,FT8,EM73PR,EM73,FN21,1251.120,777.410,grid6+,
20260301,2118,WD9FVI,20m,FT4,EN50ML,EN50,FN21,1178.824,732.487,grid6+,
20260301,2121,W0WAL,20m,FT4,DN70MK,DN70,FN21,2507.403,1558.028,grid6+,
20260301,2122,W1N,20m,FT4,EN51,EN51,FN21,1164.644,723.676,grid4,
20260301,2123,KB8QAP,20m,FT4,EN72bu,EN72,FN21,833.285,517.779,grid6+,
20260301,2124,KU4ET,20m,FT4,EM82CU,EM82,FN21,1226.017,761.811,grid6+,
20260301,2130,KV4T,20m,FT4,EM70,EM70,FN21,1515.978,941.985,grid4,
20260301,2131,N9AJD,20m,FT4,EN71KE,EN71,FN21,832.336,517.189,grid6+,
20260301,2133,EA3KI,20m,FT4,JN11,JN11,FN21,6253.795,3885.927,grid4,
20260301,2142,KQ4WTT,20m,FT8,EM90CB,EM90,FN21,1336.041,830.177,grid6+,
20260301,2151,W4ZGH,20m,FT8,EL86XX,EL86,FN21,1821.590,1131.883,grid6+,
20260301,2153,F5LOW,20m,FT8,IN95uq,IN95,FN21,5768.798,3584.564,grid6+,
20260301,2156,KO4ORN,20m,FT8,EL87UT,EL87,FN21,1718.746,1067.979,grid6+,
20260301,2203,NL7OT,20m,FT4,EM85,EM85,FN21,963.425,598.644,grid4,
20260301,2206,KD2YIO,20m,FT4,FN13CC,FN13,FN21,276.279,171.672,grid6+,
20260301,2207,KV0I,20m,FT4,EN11XD,EN11,FN21,1827.183,1135.358,grid6+,
20260301,2210,V31DL,20m,FT8,EK57,EK57,FN21,2983.666,1853.963,grid4,
20260301,2217,KR4HGB,20m,FT8,EM90,EM90,FN21,1336.041,830.177,grid4,
20260301,2221,KC5UZI,20m,FT8,EM13PD,EM13,FN21,2126.891,1321.589,grid6+,
20260301,2225,KG4RWO,20m,FT8,EL96WP,EL96,FN21,1756.036,1091.150,grid6+,
20260301,2230,KE0VOG,20m,FT8,EN00,EN00,FN21,2010.675,1249.375,grid4,
20260301,2231,KO4SJV,20m,FT8,EM84,EM84,FN21,1046.514,650.274,grid4,
20260301,2236,KQ4WIQ,20m,FT8,EM94HE,EM94,FN21,938.712,583.288,grid6+,
20260301,2241,KD0COV,20m,FT4,EN35IB,EN35,FN21,1514.683,941.180,grid6+,
20260301,2243,K3ZK,20m,FT4,FN21,FN21,FN21,0.000,0.000,grid4,
20260301,2243,KF0UR,20m,FT4,DM78NW,DM78,FN21,2564.047,1593.224,grid6+,
20260301,2245,AB5HL,20m,FT4,EM12NR,EM12,FN21,2186.330,1358.522,grid6+,
20260301,2246,KE8ESJ,20m,FT4,EM79UP,EM79,FN21,873.719,542.904,grid6+,
20260301,2250,KD2QWM,20m,FT8,FN32CT,FN32,FN21,199.184,123.767,grid6+,
20260301,2256,W8FCD,20m,FT8,EN82BN,EN82,FN21,670.092,416.376,grid6+,
20260302,1422,W9FFF,40m,FT8,EN52,EN52,FN21,1160.870,721.331,grid4,
20260302,1813,NA8W,20m,FT8,EN80dx,EN80,FN21,680.246,422.685,grid6+,
20260302,1830,KG4VUK,20m,FT8,EM64VA,EM64,FN21,1306.145,811.601,grid6+,
20260302,1833,AC3RA,20m,FT8,EL96,EL96,FN21,1756.036,1091.150,grid4,
20260302,1840,KS4DOW,20m,FT8,FM05OX,FM05,FN21,752.290,467.451,grid6+,
20260302,2029,W2NTN,20m,FT8,FN20TO,FN20,FN21,111.195,69.093,grid6+,
20260302,2031,F5RRS,20m,FT8,JN36,JN36,FN21,6278.991,3901.583,grid4,
20260302,2032,M0BEW,20m,FT8,IO82rj,IO82,FN21,5359.158,3330.026,grid6+,
20260311,2023,8Q7ZW,20m,FT8,MJ63,MJ63,FN21,14055.790,8733.860,grid4,
20260311,2041,KE9CNH,20m,FT8,EM78CG,EM78,FN21,914.094,567.992,grid6+,
20260311,2059,AC9XK,20m,FT8,EN70AA,EN70,FN21,846.044,525.707,grid6+,
20260311,2100,KC0VTJ,20m,FT8,EM28QX,EM28,FN21,1731.832,1076.110,grid6+,
20260311,2115,WB4EM,20m,FT8,EL97SQ,EL97,FN21,1649.843,1025.165,grid6+,
20260311,2117,Z62NS,20m,FT8,KN02,KN02,FN21,7455.533,4632.652,grid4,
20260311,2122,CT1BWU,20m,FT8,IM59,IM59,FN21,5444.520,3383.067,grid4,
20260311,2124,WD4OOZ,20m,FT8,EM84GE,EM84,FN21,1046.514,650.274,grid6+,
20260313,1604,KD3AN,20m,FT8,EM66QH,EM66,FN21,1175.092,730.168,grid6+,
20260313,1615,KN4QBN,20m,FT8,EM63XX,EM63,FN21,1380.359,857.715,grid6+,
20260313,1617,N7LD,20m,FT8,DM26,DM26,FN21,3469.568,2155.889,grid4,
20260313,1619,NA6JD,20m,FT8,CN88XA,CN88,FN21,3788.516,2354.074,grid6+,
20260313,1622,KX0D,20m,FT8,EM48PT,EM48,FN21,1400.859,870.453,grid6+,
20260313,1627,KJ5DZV,20m,FT8,EM30wb,EM30,FN21,2022.303,1256.600,grid6+,
20260313,1704,KY6AA,20m,FT8,EN62DA,EN62,FN21,996.971,619.489,grid6+,
20260313,1710,W5XX,20m,FT8,EM42,EM42,FN21,1733.308,1077.028,grid4,
20260313,1714,KC1OWN,20m,FT8,EN53,EN53,FN21,1167.603,725.515,grid4,
20260313,1717,KC2NJ,20m,FT8,FN20us,FN20,FN21,111.195,69.093,grid6+,
20260313,1723,KB9AWS,20m,FT8,EM69WQ10,EM69,FN21,1037.799,644.858,grid6+,
20260313,1730,KR4DFW,20m,FT8,EM78,EM78,FN21,914.094,567.992,grid4,
20260313,1804,W5DFD,20m,FT8,EM46FI,EM46,FN21,1487.362,924.204,grid6+,
20260313,1823,W8SEE,20m,FT8,EM57,EM57,FN21,1279.078,794.782,grid4,
20260313,1827,KE8IFR,20m,FT8,EM79TJ,EM79,FN21,873.719,542.904,grid6+,
20260313,1839,KR4DPZ,20m,FT8,EM86,EM86,FN21,886.465,550.823,grid4,
20260313,1841,W4SDW,20m,FT4,EL89XS,EL89,FN21,1516.505,942.312,grid6+,
20260313,1841,M8KKH,20m,FT4,JO01,JO01,FN21,5654.166,3513.335,grid4,
20260313,1842,PD2GCM,20m,FT4,JO21,JO21,FN21,5911.517,3673.245,grid4,
20260313,1844,K5LD,20m,FT4,EL98,EL98,FN21,1544.338,959.607,grid4,
20260313,1846,M0RWL,20m,FT4,IO93ts,IO93,FN21,5453.716,3388.781,grid6+,
20260313,1848,DG1ASD,20m,FT4,JO50nm,JO50,FN21,6338.973,3938.854,grid6+,
20260313,1849,EA3FHP,20m,FT4,JN11,JN11,FN21,6253.795,3885.927,grid4,
20260313,1850,E75W,20m,FT4,JN93eu,JN93,FN21,7258.549,4510.252,grid6+,
20260313,1852,KD9DX,20m,FT4,EM59DV,EM59,FN21,1203.042,747.535,grid6+,
20260313,1854,K1KPC,20m,FT4,EM77AU,EM77,FN21,965.577,599.982,grid6+,
20260313,1900,K5UUU,20m,FT8,DM23,DM23,FN21,3604.799,2239.918,grid4,
20260313,1933,KR4FTE,20m,FT4,FM14,FM14,FN21,797.780,495.717,grid4,
20260313,1934,NW2M,20m,FT4,FM19kd,FM19,FN21,279.363,173.588,grid6+,
20260313,1936,W4PTY,20m,FT4,EM13,EM13,FN21,2126.891,1321.589,grid4,
20260314,1512,MI0JZZ,20m,FT8,IO65,IO65,FN21,5022.765,3121.001,grid4,
20260314,1546,W4KWS,20m,FT8,EL94,EL94,FN21,1970.039,1224.125,grid4,
20260314,1918,OE6HTG,20m,FT4,JN77,JN77,FN21,6755.723,4197.811,grid4,
20260314,1931,KB4AR,20m,FT4,EL96CR,EL96,FN21,1756.036,1091.150,grid6+,
20260316,1351,KD9WES,20m,FT8,EN61GM,EN61,FN21,998.557,620.474,grid6+,
20260316,1353,KE5KTU,20m,FT8,EM42SJ,EM42,FN21,1733.308,1077.028,grid6+,
20260316,1356,OZ1GI,20m,FT4,JO45,JO45,FN21,5983.714,3718.106,grid4,
20260316,1357,K0WRZ,20m,FT4,EM08,EM08,FN21,2064.492,1282.815,grid4,
20260316,1357,PD0MJC,20m,FT4,JO32,JO32,FN21,5993.805,3724.377,grid4,
20260316,1403,AA5WH,20m,FT8,EL09PT,EL09,FN21,2536.422,1576.059,grid6+,
20260316,1405,MI7RDK,20m,FT8,IO74,IO74,FN21,5171.913,3213.677,grid4,
20260316,1411,KY0R,20m,FT8,DM78PF,DM78,FN21,2564.047,1593.224,grid6+,
20260316,1415,N5LPT,20m,FT8,EM20WC,EM20,FN21,2167.003,1346.513,grid6+,
20260316,1418,W7PK,20m,FT8,DM41VV,DM41,FN21,3376.115,2097.820,grid6+,
20260316,1421,KD9UJM,20m,FT8,EM78CG,EM78,FN21,914.094,567.992,grid6+,
20260316,1423,AD8IF,20m,FT8,EN72,EN72,FN21,833.285,517.779,grid4,
20260316,1427,W7DGM,20m,FT8,DN37TB,DN37,FN21,3054.448,1897.945,grid6+,
20260316,1442,W9WAS,20m,FT8,EN50GQ,EN50,FN21,1178.824,732.487,grid6+,
20260316,1444,N0VIG,20m,FT8,EM28OW,EM28,FN21,1731.832,1076.110,grid6+,
20260316,1446,KE8NHH,20m,FT4,EL97,EL97,FN21,1649.843,1025.165,grid4,
20260316,1447,KE2UK,20m,FT4,FN30FQ,FN30,FN21,201.323,125.096,grid6+,
20260316,1450,W5DOC,20m,FT8,EL09XM,EL09,FN21,2536.422,1576.059,grid6+,
20260316,1452,KD0WGB,20m,FT8,EN42,EN42,FN21,1324.829,823.210,grid4,
20260316,1503,K5WSC,20m,FT8,EM00,EM00,FN21,2469.108,1534.232,grid4,
20260316,1512,K5ARH,20m,FT8,EM10CG,EM10,FN21,2316.231,1439.239,grid6+,
20260316,1514,N4POM,20m,FT8,EL88ql,EL88,FN21,1616.979,1004.744,grid6+,
20260316,1517,NU4N,20m,FT8,EM57PA,EM57,FN21,1279.078,794.782,grid6+,
20260316,1556,KK7O,20m,FT8,DM43DK,DM43,FN21,3272.023,2033.140,grid6+,
20260316,1557,W0RLD,20m,FT8,EM79AW,EM79,FN21,873.719,542.904,grid6+,
20260316,1741,KM4NMJ,20m,FT8,EM74WG,EM74,FN21,1170.547,727.344,grid6+,
20260316,1904,KE8MJT,20m,FT8,EN72CQ,EN72,FN21,833.285,517.779,grid6+,
20260316,1920,AA0RT,20m,FT8,EM48,EM48,FN21,1400.859,870.453,grid4,
20260316,1921,W4GKM,20m,FT8,EM75,EM75,FN21,1095.283,680.577,grid4,
20260316,1925,KF9UG,20m,FT8,EN71LH,EN71,FN21,832.336,517.189,grid6+,
20260316,1926,KF0QIS,20m,FT8,EM28NV,EM28,FN21,1731.832,1076.110,grid6+,
20260316,1929,W4GKA,20m,FT8,EL98RC,EL98,FN21,1544.338,959.607,grid6+,
20260316,1932,DJ0MAB,20m,FT8,JN49,JN49,FN21,6261.352,3890.623,grid4,
20260316,1935,WB2UBW,20m,FT8,EM67,EM67,FN21,1120.287,696.114,grid4,
20260316,1935,WD8DX,20m,FT8,EN74DX,EN74,FN21,878.232,545.708,grid6+,
20260316,1939,W5NZ,20m,FT4,EM62VI,EM62,FN21,1459.209,906.710,grid6+,
20260316,1941,KJ5JUF,20m,FT4,EM10,EM10,FN21,2316.231,1439.239,grid4,
20260316,2021,WA9HT,20m,FT8,EN51VQ,EN51,FN21,1164.644,723.676,grid6+,
20260316,2029,KD9VGL,20m,FT8,EN52,EN52,FN21,1160.870,721.331,grid4,
20260316,2030,KK5JY,20m,FT8,EM16,EM16,FN21,1974.552,1226.929,grid4,
20260316,2032,HB9DVO,20m,FT8,JN47,JN47,FN21,6362.498,3953.472,grid4,
20260316,2033,K0MVH,20m,FT8,EM10,EM10,FN21,2316.231,1439.239,grid4,
20260316,2056,NO4D,20m,FT8,EM94,EM94,FN21,938.712,583.288,grid4,
20260316,2100,K1RH,20m,FT4,FM19MM,FM19,FN21,279.363,173.588,grid6+,
20260316,2105,W9GZO,20m,FT8,EN53,EN53,FN21,1167.603,725.515,grid4,
20260316,2108,KF0MSJ,20m,FT8,EM48LK,EM48,FN21,1400.859,870.453,grid6+,
20260316,2137,KB9ELS,20m,FT8,EM46CB,EM46,FN21,1487.362,924.204,grid6+,
20260316,2138,KT4EP,20m,FT8,EM55BF,EM55,FN21,1386.574,861.577,grid6+,
20260316,2140,WW4LL,20m,FT8,EM73,EM73,FN21,1251.120,777.410,grid4,
20260316,2145,N9YZA,20m,FT8,EN51,EN51,FN21,1164.644,723.676,grid4,
20260316,2147,K0GDI,20m,FT8,EM48,EM48,FN21,1400.859,870.453,grid4,
20260316,2150,N8PFK,20m,FT8,EM80,EM80,FN21,1417.602,880.857,grid4,
20260316,2156,W4YAF,20m,FT4,EM73PI,EM73,FN21,1251.120,777.410,grid6+,
20260316,2158,W5ETZ,20m,FT4,EM54,EM54,FN21,1450.013,900.996,grid4,
20260316,2159,KQ4CRY,20m,FT4,EM64,EM64,FN21,1306.145,811.601,grid4,
20260316,2201,NT2A,20m,FT4,FN20,FN20,FN21,111.195,69.093,grid4,
20260316,2204,KA5RBZ,20m,FT4,EM13QC,EM13,FN21,2126.891,1321.589,grid6+,
20260316,2205,K3YTL,20m,FT4,FN21,FN21,FN21,0.000,0.000,grid4,
20260316,2211,WF4RC,20m,FT8,EM64,EM64,FN21,1306.145,811.601,grid4,
20260316,2214,KI3N,20m,FT8,EM73,EM73,FN21,1251.120,777.410,grid4,
20260317,0335,KF8DZL,40m,FT8,EN72RQ,EN72,FN21,833.285,517.779,grid6+,
20260317,0337,AA4NP,40m,FT8,EL98,EL98,FN21,1544.338,959.607,grid4,
20260317,0341,W4IDX,40m,FT8,DM24UK,DM24,FN21,3557.123,2210.293,grid6+,
20260317,0350,9Y4DG,40m,FT8,FK90,FK90,FN21,3708.760,2304.516,grid4,
20260317,0352,KW6G,40m,FT8,CM97,CM97,FN21,3925.219,2439.017,grid4,
20260317,0355,KD7JR,40m,FT8,DM33XO,DM33,FN21,3438.321,2136.473,grid6+,
20260317,0359,KP4DVM,40m,FT8,FK68,FK68,FN21,2667.938,1657.779,grid4,
20260317,0400,YO4NF,40m,FT8,KN44hd,KN44,FN21,7829.800,4865.211,grid6+,
20260317,0417,KN4VZR,40m,FT8,EM63,EM63,FN21,1380.359,857.715,grid4,
20260317,0419,SV2DGH,40m,FT8,KN10,KN10,FN21,7722.133,4798.310,grid4,
20260317,0421,W4EIS,40m,FT8,EM13QS,EM13,FN21,2126.891,1321.589,grid6+,
20260317,0422,HG8LXL,40m,FT8,KN06,KN06,FN21,7198.536,4472.962,grid4,
20260317,0424,IZ2ACM,40m,FT8,JN45,JN45,FN21,6467.567,4018.759,grid4,
20260317,0426,LZ488AM,40m,FT8,KN22dq,KN22,FN21,7717.394,4795.365,grid6+,
20260317,0428,ON4XM,40m,FT8,JO10,JO10,FN21,5825.032,3619.506,grid4,
20260317,1318,SP3RK,20m,FT8,JO71,JO71,FN21,6534.203,4060.164,grid4,
20260317,1341,VP2EAD,20m,FT8,FK88,FK88,FN21,2799.761,1739.690,grid4,
20260317,1346,MW3FLI,20m,FT8,IO83,IO83,FN21,5327.174,3310.151,grid4,
20260317,2012,NO4D,20m,FT8,EM94,EM94,FN21,938.712,583.288,grid4,
20260317,2028,W4LJT,20m,FT4,EM73,EM73,FN21,1251.120,777.410,grid4,
20260317,2035,M8GNC,20m,FT4,IO91,IO91,FN21,5523.931,3432.410,grid4,
20260317,2041,MI0OBC,20m,FT4,IO74,IO74,FN21,5171.913,3213.677,grid4,
20260323,1750,W4EBB,15m,FT8,EL88QF,EL88,FN21,1616.979,1004.744,grid6+,
20260323,1751,W9ACF,15m,FT8,EL96,EL96,FN21,1756.036,1091.150,grid4,
20260324,1727,N5VAN,20m,FT8,DN91OD,DN91,FN21,2157.039,1340.322,grid6+,
20260324,1735,AD9GE,20m,FT8,EM69MA,EM69,FN21,1037.799,644.858,grid6+,
20260324,1741,KD9DX,20m,FT8,EM59DV,EM59,FN21,1203.042,747.535,grid6+,
20260324,1746,ON7GB,20m,FT8,JO21,JO21,FN21,5911.517,3673.245,grid4,
20260324,1754,WB8UFC,20m,FT8,EM75,EM75,FN21,1095.283,680.577,grid4,
20260324,1820,WA9TT,20m,FT8,EN54SH,EN54,FN21,1184.665,736.116,grid6+,
20260324,1833,K5VJZ,20m,FT8,EM85TH,EM85,FN21,963.425,598.644,grid6+,
20260324,1836,F5HNQ,20m,FT8,IN98,IN98,FN21,5640.187,3504.649,grid4,
20260324,1840,DB1YKA,20m,FT8,JO41,JO41,FN21,6164.354,3830.351,grid4,
20260324,1849,WD9HSY,20m,FT8,EN61BL,EN61,FN21,998.557,620.474,grid6+,
20260324,1851,KC5N,20m,FT8,EM69UW,EM69,FN21,1037.799,644.858,grid6+,
20260324,1905,DF4WC,20m,FT8,JN49,JN49,FN21,6261.352,3890.623,grid4,
20260330,2000,DM8KM,20m,FT8,JN69,JN69,FN21,6517.321,4049.675,grid4,
20260330,2019,US1VS,20m,FT8,KN68,KN68,FN21,7777.568,4832.755,grid4,
20260330,2051,9A3MYL,20m,FT8,JN95,JN95,FN21,7133.305,4432.429,grid4,
20260330,2102,S50DX,20m,FT8,JN76,JN76,FN21,6813.168,4233.505,grid4,
20260403,1637,WA4PLL,20m,FT8,EM79VP,EM79,FN21,873.719,542.904,grid6+,
20260403,1647,K0YL,20m,FT8,EN17,EN17,FN21,1860.159,1155.849,grid4,
20260403,1650,WA4TED,20m,FT8,EM75DR,EM75,FN21,1095.283,680.577,grid6+,
20260403,1655,ZF2OO,20m,FT8,EK99,EK99,FN21,2511.246,1560.415,grid4,
20260403,1703,EA1L,20m,FT4,IN73,IN73,FN21,5566.893,3459.106,grid4,
20260403,1704,KM4TDZ,20m,FT4,EM78BD,EM78,FN21,914.094,567.992,grid6+,
20260403,1709,F4IVI,20m,FT4,JN33mp,JN33,FN21,6435.719,3998.969,grid6+,
20260403,1713,F1PBZ,20m,FT4,JN26pv,JN26,FN21,6142.165,3816.563,grid6+,
20260403,1714,KG5HTH,20m,FT4,EM02VJ,EM02,FN21,2344.005,1456.497,grid6+,
20260403,1715,KC1OWN,20m,FT4,EN53,EN53,FN21,1167.603,725.515,grid4,
20260403,1718,M0BEW,20m,FT4,IO82rj,IO82,FN21,5359.158,3330.026,grid6+,
20260403,1720,AG5PC,20m,FT4,EM12UU,EM12,FN21,2186.330,1358.522,grid6+,
20260403,1721,IK4LZH,20m,FT4,JN54,JN54,FN21,6659.183,4137.823,grid4,
20260403,1721,WF1B,20m,FT4,el87tm,EL87,FN21,1718.746,1067.979,grid6+,
20260403,1723,F4EOC,20m,FT4,JN39,JN39,FN21,6131.428,3809.892,grid4,
20260403,1728,N0XRG,20m,FT4,EL29ot,EL29,FN21,2239.805,1391.750,grid6+,
20260403,1730,EA3FHP,20m,FT4,JN11,JN11,FN21,6253.795,3885.927,grid4,
20260403,1734,AC8XI,20m,FT4,EN72,EN72,FN21,833.285,517.779,grid4,
20260403,2003,WA8EFK,20m,FT4,EN81DW,EN81,FN21,666.003,413.835,grid6+,
20260403,2031,HZ1SK,20m,FT8,KL91,KL91,FN21,10266.149,6379.087,grid4,
20260404,1540,W1AW/5,20m,SSB,FN31pr,FN31,FN21,166.556,103.493,grid6+,
20260404,1619,W1AW/4,20m,SSB,EM96bb,EM96,FN21,759.825,472.133,grid6+,
20260404,1619,AI4BJ,20m,SSB,EM79pa,EM79,FN21,873.719,542.904,grid6+,
20260412,1818,K4LOX,20m,SSB,EM60RT31,EM60,FN21,1628.086,1011.645,grid6+,
20260412,1818,K5CVW,20m,SSB,EM90dg,EM90,FN21,1336.041,830.177,grid6+,
20260412,1821,KR4HFG,20m,SSB,EL99kg,EL99,FN21,1439.671,894.570,grid6+,
20260412,1821,KU4NT,20m,SSB,EL79hw,EL79,FN21,1609.862,1000.322,grid6+,
20260412,1822,WW7CR,20m,SSB,DN06je,DN06,FN21,3516.504,2185.054,grid6+,
20260412,1822,KF0UEM,20m,SSB,EN34ft,EN34,FN21,1498.008,930.819,grid6+,
20260412,1824,W5MWS,20m,SSB,EL29do,EL29,FN21,2239.805,1391.750,grid6+,
20260412,1825,WC5T,20m,SSB,EM45pt,EM45,FN21,1540.689,957.339,grid6+,
20260412,1830,K0M,20m,SSB,EN41lk,EN41,FN21,1330.573,826.779,grid6+,
20260412,1831,KN6OJX,20m,SSB,DM23pk,DM23,FN21,3604.799,2239.918,grid6+,
20260412,1831,NX0P,20m,SSB,EN33jn,EN33,FN21,1489.317,925.419,grid6+,
20260420,1819,I0XNH,20m,FT8,JN62,JN62,FN21,6912.405,4295.168,grid4,
20260421,2001,HG0NPJ,20m,FT8,JN97,JN97,FN21,7010.654,4356.217,grid4,
20260421,2157,KD4YDC/P,20m,FT8,EM81,EM81,FN21,1320.620,820.595,grid4,
20260421,2202,HK3IFS,20m,FT8,FJ24,FJ24,FN21,4114.212,2556.452,grid4,
20260423,1833,MM0ZFG,20m,FT8,IO75,IO75,FN21,5145.773,3197.434,grid4,
20260424,0314,J88IH,20m,FT8,FK93,FK93,FN21,3395.386,2109.794,grid4,
20260424,0316,TI5RTZ,20m,FT8,EK70,EK70,FN21,3583.030,2226.391,grid4,
20260424,0319,OH2ZZ,20m,FT8,KP20,KP20,FN21,6578.064,4087.418,grid4,
20260424,0324,9H4CM,20m,FT8,JM76cb,JM76,FN21,7426.438,4614.573,grid6+,
20260424,0328,J79WTA,20m,FT8,FK95,FK95,FN21,3188.510,1981.247,grid4,
20260424,1447,EA9ACD,15m,FT8,IM75,IM75,FN21,5960.771,3703.850,grid4,
20260424,1506,WF1B,20m,FT8,el87tm,EL87,FN21,1718.746,1067.979,grid6+,
20260424,1524,W8RJC,20m,FT8,EN72,EN72,FN21,833.285,517.779,grid4,
20260424,1716,GJ0KYZ,15m,FT8,IN89,IN89,FN21,5464.493,3395.478,grid4,
20260424,1717,OP9T,15m,FT8,JO21,JO21,FN21,5911.517,3673.245,grid4,
20260424,1747,OX3LX,15m,FT8,GP38,GP38,FN21,3271.658,2032.914,grid4,
20260424,1754,ZS4JAN,15m,FT8,KG30,KG30,FN21,13065.907,8118.775,grid4,
20260424,1757,PE9JAN,15m,FT8,JO22,JO22,FN21,5868.972,3646.809,grid4,
20260424,1819,W4MPT,20m,FT8,EM74,EM74,FN21,1170.547,727.344,grid4,
20260424,1852,K4ISU,20m,FT8,EM75,EM75,FN21,1095.283,680.577,grid4,
20260424,2033,LY2TS,20m,FT8,KO05,KO05,FN21,6658.886,4137.639,grid4,
20260424,2036,SV9TLU,20m,FT8,KM25,KM25,FN21,8206.752,5099.437,grid4,
20260424,2204,DF1MP,20m,FT8,JO40,JO40,FN21,6212.320,3860.156,grid4,
20260424,2304,F5PBG,20m,FT8,IN78,IN78,FN21,5364.072,3333.079,grid4,
20260424,2305,KC9BK,20m,FT8,EN52JL,EN52,FN21,1160.870,721.331,grid6+,
20260424,2312,SU3YM,30m,FT8,KM61,KM61,FN21,9055.471,5626.807,grid4,
20260424,2316,E74K,30m,FT8,JN95,JN95,FN21,7133.305,4432.429,grid4,
20260424,2349,YU7AS,20m,FT8,KN05,KN05,FN21,7261.907,4512.338,grid4,
20260424,2354,W1AW/0,20m,FT8,,,FN21,189.931,118.018,hamdat,
20260425,0003,KE9DQM,20m,FT8,EM69,EM69,FN21,1037.799,644.858,grid4,
20260425,0014,OA4ENG,20m,FT8,FH17,FH17,FN21,6008.033,3733.218,grid4,
20260425,0024,YN7DS,30m,FT8,EK62,EK62,FN21,3428.767,2130.537,grid4,
20260425,0029,KB1TZ,30m,FT8,FN42,FN42,FN21,348.696,216.669,grid4,
20260425,1321,HR1JBR,20m,FT8,EK64,EK64,FN21,3217.528,1999.278,grid4,
20260425,2034,AF0DB,20m,FT8,EM28,EM28,FN21,1731.832,1076.110,grid4,
20260425,2129,TA2NEH,20m,FT8,KN40nw,KN40,FN21,8115.973,5043.031,grid6+,
20260425,2134,RA3ZH,20m,FT8,KO81,KO81,FN21,7770.781,4828.538,grid4,
20260425,2223,VP8VPC,20m,FT8,GD18,GD18,FN21,10486.809,6516.199,grid4,
20260425,2351,EA9PB,20m,FT8,IM75,IM75,FN21,5960.771,3703.850,grid4,
20260426,0146,EW4DX,40m,FT8,KO13WQ23,KO13,FN21,6885.575,4278.497,grid6+,
20260426,0147,4X1UF,40m,FT8,KM72,KM72,FN21,9112.766,5662.409,grid4,
20260426,0148,EA1IOK,40m,FT8,IN62,IN62,FN21,5461.592,3393.675,grid4,
20260426,0151,DL1BBO,40m,FT8,JO43lg,JO43,FN21,6071.731,3772.798,grid6+,
20260426,1832,HH2JR,15m,FT8,FK38,FK38,FN21,2564.529,1593.524,grid4,
20260426,1834,FG/F6ASS,15m,FT8,FK96LA,FK96,FN21,3085.808,1917.432,grid6+,
20260426,1843,W1AW/9,20m,FT8,,,FN21,189.931,118.018,hamdat,
20260426,2012,IC8TEM,20m,FT8,JN70,JN70,FN21,7173.299,4457.280,grid4,
20260426,2015,VA2WMA,20m,FT8,FO60,FO60,FN21,1174.616,729.872,grid4,
20260426,2026,SV5BYP,20m,FT8,KM46,KM46,FN21,8407.640,5224.264,grid4,
20260426,2027,IZ0GYP,20m,FT8,JN61,JN61,FN21,6971.978,4332.185,grid4,
20260427,1226,DL8ZBA,20m,FT8,JN49,JN49,FN21,6261.352,3890.623,grid4,
20260427,1228,JA7QVI,20m,FT8,QM08ka,QM08,FN21,10400.920,6462.830,grid6+,
20260427,1238,PJ2AFM,15m,FT8,FK52,FK52,FN21,3276.905,2036.174,grid4,
20260427,1256,OM3TWM,15m,FT8,KN08,KN08,FN21,7073.681,4395.380,grid4,
20260427,1817,VP2MAA,15m,FT8,FK86,FK86,FN21,3007.749,1868.928,grid4,
20260427,1931,LZ3GH,20m,FT8,KN32,KN32,FN21,7845.686,4875.082,grid4,
20260427,1952,WA1CST,20m,FT8,EM76,EM76,FN21,1026.498,637.836,grid4,
20260427,1955,PD0LK,20m,FT8,JO21,JO21,FN21,5911.517,3673.245,grid4,
20260427,1956,DG3BZ,20m,FT8,JO31,JO31,FN21,6038.527,3752.165,grid4,
20260427,2015,LB8MG,20m,FT8,JO59,JO59,FN21,5928.090,3683.543,grid4,
20260427,2034,TL8GD,15m,FT8,JJ94,JJ94,FN21,10008.148,6218.773,grid4,
20260427,2138,A61CK,20m,FT8,LL75,LL75,FN21,10962.025,6811.485,grid4,
20260427,2158,G0OOF,20m,FT8,IO81qt,IO81,FN21,5392.727,3350.884,grid6+,
20260427,2201,ZB2CM,20m,FT8,IM76,IM76,FN21,5907.353,3670.658,grid4,
20260427,2230,SV8SXD,20m,FT8,KM29mv,KM29,FN21,7924.756,4924.214,grid6+,
20260427,2231,VE7LGP,20m,FT8,CN89,CN89,FN21,3777.288,2347.097,grid4,
20260429,1235,C6APS,20m,FT8,FL16,FL16,FN21,1677.945,1042.627,grid4,
20260429,1331,G5MJF,15m,FT8,IO81vh,IO81,FN21,5392.727,3350.884,grid6+,
20260429,1333,MW0MPD,15m,FT8,IO81,IO81,FN21,5392.727,3350.884,grid4,
20260429,1334,ON8BB,15m,FT8,JO21,JO21,FN21,5911.517,3673.245,grid4,
20260429,1352,UN7LZ,15m,FT8,MO13,MO13,FN21,8714.393,5414.871,grid4,
20260429,1357,G0GOO,15m,FT8,IO93,IO93,FN21,5453.716,3388.781,grid4,
20260429,1416,NY3C,20m,FT8,FM29,FM29,FN21,222.390,138.187,grid4,
20260429,1421,G8IXM,20m,FT8,JO02,JO02,FN21,5616.051,3489.651,grid4,
20260429,1439,EP5TJS,15m,FT8,LM96,LM96,FN21,10160.971,6313.732,grid4,
20260429,1831,WB5AEE,15m,FT8,EM20,EM20,FN21,2167.003,1346.513,grid4,
20260429,2046,PD2RAL,20m,FT8,JO21cu,JO21,FN21,5911.517,3673.245,grid6+,
20260429,2047,PA3KUS,20m,FT8,JO21,JO21,FN21,5911.517,3673.245,grid4,
20260429,2050,5B4AMM,20m,FT8,KM65,KM65,FN21,8748.310,5435.946,grid4,
20260429,2112,F4HIK,20m,FT8,JN06,JN06,FN21,5864.926,3644.295,grid4,
20260430,2011,DL6KBV,20m,FT8,JO30,JO30,FN21,6084.411,3780.676,grid4,
20260501,2012,EA3DM,20m,FT8,JN02pb,JN02,FN21,6055.873,3762.944,grid6+,
20260501,1959,IK4DCW,20m,FT8,JN64,JN64,FN21,6795.486,4222.518,grid4,
20260501,2009,E75C,20m,FT8,JN93,JN93,FN21,7258.549,4510.252,grid4,
20260501,2041,F5SJF,20m,FT8,JN08,JN08,FN21,5776.710,3589.480,grid4,
20260501,2017,E75AA,20m,FT8,JN94,JN94,FN21,7195.614,4471.146,grid4,
20260501,2038,PJ2AFM,20m,FT8,FK52,FK52,FN21,3276.905,2036.174,grid4,
20260501,2201,EA8J,30m,FT8,IL18,IL18,FN21,5372.977,3338.612,grid4,
20260503,1328,PD0LK,20m,FT8,JO21,JO21,FN21,5911.517,3673.245,grid4,
20260503,1444,CO2JD,15m,FT8,EL83,EL83,FN21,2135.022,1326.641,grid4,
20260503,1810,K1LTJ,20m,FT8,EL88,EL88,FN21,1616.979,1004.744,grid4,
20260503,1814,CT3IQ,20m,FT8,IM12,IM12,FN21,5149.441,3199.713,grid4,
20260503,1923,F1HFP,20m,FT8,JN28fv,JN28,FN21,6046.441,3757.083,grid6+,
20260503,2006,KO4O,20m,FT8,EM64,EM64,FN21,1306.145,811.601,grid4,
20260503,2007,PD0DDA,20m,FT8,JO22,JO22,FN21,5868.972,3646.809,grid4,
20260503,2143,AC5NG,20m,FT8,EM40,EM40,FN21,1883.246,1170.195,grid4,
20260503,2147,SQ9DJQ,20m,FT8,JO90wb,JO90,FN21,6831.936,4245.167,grid6+,
20260504,1411,DJ0MAB,20m,FT8,JN49,JN49,FN21,6261.352,3890.623,grid4,
20260504,1419,KN4VTX,20m,FT8,EM60,EM60,FN21,1628.086,1011.645,grid4,
20260504,1436,DL6FKR,15m,FT8,JN57,JN57,FN21,6494.945,4035.771,grid4,
20260504,1643,RP81ML,20m,FT8,LN08ew,LN08,FN21,8207.976,5100.198,grid6+,
20260504,1903,DB1YKA,20m,FT8,JO41,JO41,FN21,6164.354,3830.351,grid4,
20260504,1938,P43AO,20m,FT8,FK42,FK42,FN21,3247.983,2018.202,grid4,
20260504,2019,J88IH,10m,FT8,FK93,FK93,FN21,3395.386,2109.794,grid4,
20260504,2033,VP2MAA,17m,FT8,FK86,FK86,FN21,3007.749,1868.928,grid4,
20260504,2036,9H1ET,17m,FT8,JM75,JM75,FN21,7491.156,4654.787,grid4,
20260504,2038,TN8GD,17m,FT8,JI75,JI75,FN21,10338.912,6424.300,grid4,
20260504,2059,SV9KNA,20m,FT8,KM25,KM25,FN21,8206.752,5099.437,grid4,
20260504,2101,EA7ICA,20m,FT8,EM87,EM87,FN21,817.368,507.889,grid4,
20260504,2110,DL3EBJ,20m,FT8,JO31,JO31,FN21,6038.527,3752.165,grid4,
20260504,2131,W9ZPL,20m,FT8,EN61AV,EN61,FN21,998.557,620.474,grid6+,
20260504,2132,IK4TVP,20m,FT8,JN64dj,JN64,FN21,6795.486,4222.518,grid6+,
20260504,2134,DL3MIB,20m,FT8,JN57dr,JN57,FN21,6494.945,4035.771,grid6+,
20260504,2136,EA4CFT,20m,FT8,IN80,IN80,FN21,5857.271,3639.538,grid4,
20260504,2211,DL3RAJ,20m,FT8,JN68,JN68,FN21,6571.238,4083.177,grid4,
20260504,2213,9A4ZM,20m,FT8,JN86,JN86,FN21,6943.169,4314.284,grid4,
20260504,2214,AC7WY,20m,FT8,DN61,DN61,FN21,2649.512,1646.330,grid4,
20260504,2216,HG8LXL,20m,FT8,KN06,KN06,FN21,7198.536,4472.962,grid4,
20260504,2237,PS7LN,20m,FT8,HI24jd,HI24,FN21,6615.770,4110.848,grid6+,
20260504,2241,F1POK,20m,FT8,JN27,JN27,FN21,6093.746,3786.477,grid4,
20260504,2244,KB3VCU,20m,FT8,EM15,EM15,FN21,2020.662,1255.580,grid4,
20260504,2331,KG4OJT,20m,FT8,FM18,FM18,FN21,374.539,232.728,grid4,
20260504,2332,NA7KR,20m,FT8,CN84,CN84,FN21,3861.402,2399.363,grid4,
20260504,2334,KD8ECZ,20m,FT8,EN73,EN73,FN21,848.843,527.446,grid4,
20260505,0011,D2UY,40m,FT8,JI64,JI64,FN21,10246.458,6366.852,grid4,
20260505,0016,N3GJB,40m,FT8,FM29,FM29,FN21,222.390,138.187,grid4,
20260505,0018,RP81W,40m,FT8,OO62mg,OO62,FN21,9534.421,5924.413,grid6+,
20260505,0020,KO4FQW,40m,FT8,FM18,FM18,FN21,374.539,232.728,grid4,
20260505,0023,RP81II,40m,FT8,,,FN21,7820.975,4859.727,dxcc,
20260505,0035,E75AA,40m,FT8,JN94,JN94,FN21,7195.614,4471.146,grid4,
20260505,0037,KC1UVP,40m,FT8,FN42,FN42,FN21,348.696,216.669,grid4,
20260505,0039,W1AW/1,40m,FT8,,,FN21,189.931,118.018,hamdat,
20260505,0041,KF9TS,40m,FT8,EN54,EN54,FN21,1184.665,736.116,grid4,
20260505,0044,W1AW/3,40m,FT8,,,FN21,189.931,118.018,hamdat,
20260505,0045,PD0DDA,40m,FT8,JO22,JO22,FN21,5868.972,3646.809,grid4,
20260505,0055,DJ2MS,40m,FT8,JO30,JO30,FN21,6084.411,3780.676,grid4,
20260505,1540,VE7SAY,20m,FT8,CN88,CN88,FN21,3788.516,2354.074,grid4,
20260505,1714,NX9S,20m,FT8,EN51uk,EN51,FN21,1164.644,723.676,grid6+,
20260505,1722,N9AOT,20m,FT8,EN54,EN54,FN21,1184.665,736.116,grid4,
20260505,1736,W4MAA,20m,FT8,EM74xc,EM74,FN21,1170.547,727.344,grid6+,
20260505,1738,KE0N,20m,FT8,EN34,EN34,FN21,1498.008,930.819,grid4,
20260505,1740,NS9I,20m,FT8,EM85,EM85,FN21,963.425,598.644,grid4,
20260505,1752,KG8OM,20m,FT8,EN53,EN53,FN21,1167.603,725.515,grid4,
20260505,1840,KF5WCP,20m,FT8,EM25,EM25,FN21,1858.556,1154.853,grid4,
20260505,1842,N3BE,20m,FT8,FN21,FN21,FN21,0.000,0.000,grid4,
20260505,1909,F6BIA,20m,FT8,JN18,JN18,FN21,5912.145,3673.635,grid4,
20260505,1913,KB4SYV,20m,FT8,EM74,EM74,FN21,1170.547,727.344,grid4,
20260505,1925,OH1XE,20m,FT8,KP10,KP10,FN21,6483.293,4028.531,grid4,
20260505,2109,RX6AOB,20m,FT8,KN94,KN94,FN21,8416.393,5229.703,grid4,
20260505,2114,RP81IFT,20m,FT8,,,FN21,7820.975,4859.727,dxcc,
20260505,2115,IU6PPX,20m,FT8,JN63,JN63,FN21,6853.566,4258.607,grid4,
20260505,2151,YS1GMV,20m,FT8,EK53,EK53,FN21,3395.386,2109.794,grid4,
20260505,2330,W7WHO,20m,FT8,CN94,CN94,FN21,3706.146,2302.891,grid4,
20260505,2336,A41DL,20m,FT8,LL93,LL93,FN21,11374.379,7067.709,grid4,
20260506,0011,4O7CC,40m,FT8,JN92,JN92,FN21,7322.088,4549.733,grid4,
20260506,0013,KE0N,40m,FT8,EN34,EN34,FN21,1498.008,930.819,grid4,
20260506,0040,LZ2II,40m,FT8,KN22,KN22,FN21,7717.394,4795.365,grid4,
20260506,0049,TY5AD,30m,FT8,JJ16,JJ16,FN21,8530.768,5300.772,grid4,
20260506,0053,KP2BH,30m,FT8,EL98,EL98,FN21,1544.338,959.607,grid4,
20260506,0246,HI3JCC,40m,FT8,FK49,FK49,FN21,2475.373,1538.125,grid4,
20260506,1637,W1AW/8,20m,FT8,EM99de,EM99,FN21,553.758,344.089,grid6+,
20260506,2005,PD0DDA,20m,FT8,JO22,JO22,FN21,5868.972,3646.809,grid4,
20260506,2027,TF4M,20m,FT8,HP85,HP85,FN21,4161.204,2585.651,grid4,
20260506,2032,A71UN,20m,FT8,LL55,LL55,FN21,10723.079,6663.011,grid4,
20260506,2034,SP1TJ,20m,FT8,JO74,JO74,FN21,6377.457,3962.767,grid4,
20260506,2036,SP9YGD,20m,FT8,JO73,JO73,FN21,6428.758,3994.644,grid4,
20260506,2038,SP6FME,20m,FT8,JO90,JO90,FN21,6831.936,4245.167,grid4,
20260506,2042,N8PFK,20m,FT8,EM80jq,EM80,FN21,1417.602,880.857,grid6+,
20260506,2044,W4GGJ,20m,FT8,EL87,EL87,FN21,1718.746,1067.979,grid4,
20260506,2056,DJ7JB,20m,FT8,JO62,JO62,FN21,6361.142,3952.629,grid4,
20260506,2247,R2FE,20m,FT8,KO04,KO04,FN21,6715.838,4173.027,grid4,
20260507,0039,UN0GY,20m,FT8,MN83,MN83,FN21,10157.685,6311.691,grid4,
20260507,0057,VP2MAA,40m,FT8,FK86,FK86,FN21,3007.749,1868.928,grid4,
20260507,2352,A61DD,20m,FT8,LL85,LL85,FN21,11076.926,6882.881,grid4,
20260507,2354,A61FJ,20m,FT8,LL74,LL74,FN21,11052.537,6867.726,grid4,
20260508,0007,KD0XD,20m,FT8,EN12,EN12,FN21,1816.237,1128.557,grid4,
20260508,0011,TC1919ATA,20m,FT8,KN81di,KN81,FN21,8535.944,5303.988,grid6+,
20260508,0256,T31TTT,20m,FT8,AI47,AI47,FN21,10691.290,6643.257,grid4,
20260508,0358,OZ1KZX,40m,FT8,JO57,JO57,FN21,6011.345,3735.275,grid4,
20260508,0405,9H4JX,40m,FT8,JM76da,JM76,FN21,7426.438,4614.573,grid6+,
20260508,0406,SP7XIF,40m,FT8,JO91qu,JO91,FN21,6773.860,4209.080,grid6+,
20260508,0422,EU4U,40m,FT8,KO23,KO23,FN21,6995.970,4347.093,grid4,
20260508,1414,WA4RH,20m,FT8,EM96wh,EM96,FN21,759.825,472.133,grid6+,
20260508,1419,FJ/HB9BVL,20m,FT8,FK87nv,FK87,FN21,2903.507,1804.155,grid6+,
20260508,1637,F5UOU,20m,FT8,JN06FP27,JN06,FN21,5864.926,3644.295,grid6+,
20260508,1641,F5PAC,20m,FT8,JN37,JN37,FN21,6228.747,3870.363,grid4,
20260508,1656,F1PBZ,20m,FT8,JN26pv,JN26,FN21,6142.165,3816.563,grid6+,
20260508,1701,KZ4NJ,20m,FT8,EM87,EM87,FN21,817.368,507.889,grid4,
20260508,1703,DL1UDO,20m,FT8,JO31,JO31,FN21,6038.527,3752.165,grid4,
20260508,1852,KP2B,20m,FT8,FK77,FK77,FN21,2833.865,1760.881,grid4,
20260508,2139,SP5HIH,20m,FT8,KO02,KO02,FN21,6832.144,4245.296,grid4,
20260509,1614,K9OUT,20m,FT8,EN54,EN54,FN21,1184.665,736.116,grid4,
20260509,2241,Z33Z,20m,FT8,KN11,KN11,FN21,7654.490,4756.278,grid4,
20260510,0233,NL5Y,20m,FT8,EM60,EM60,FN21,1628.086,1011.645,grid4,
20260510,0238,KF9UG,20m,FT8,EN71,EN71,FN21,832.336,517.189,grid4,
